2,2,1,0,3
2,2,1,1,2
2,2,0,2,2
2,8,1,0,3
2,8,1,1,3
2,8,0,2,3
2,13,1,1,4
2,13,0,2,3
2,13,1,0,5
2,14,1,0,3
2,14,1,1,2
2,14,0,2,3
2,18,1,0,3
2,18,1,1,1
2,18,0,2,1
2,18,1,0,1
2,18,1,2,2
2,18,0,1,1
2,14,1,2,3
2,14,0,1,2
2,14,1,0,1
2,13,1,0,3
2,13,0,1,3
2,13,1,2,3
2,8,1,2,3
2,8,1,0,3
2,8,0,1,2
2,2,1,2,2
2,2,1,0,1
2,2,0,1,1
6,6,0,1,1
6,6,1,2,5
6,6,1,0,4
6,7,1,2,4
6,7,0,1,2
6,7,1,0,3
6,13,1,0,5
6,13,1,2,5
6,13,0,1,3
6,15,0,1,2
6,15,1,2,5
6,15,1,0,5
6,20,0,1,3
6,20,1,2,5
6,20,1,0,4
6,20,0,0,3
6,20,1,1,2
6,20,1,2,2
6,15,1,2,3
6,15,1,1,1
6,15,0,0,3
6,13,1,2,3
6,13,1,1,2
6,13,0,0,2
6,7,0,0,1
6,7,1,2,3
6,7,1,1,1
6,6,1,2,3
6,6,1,1,1
6,6,0,0,1
8,3,1,2,2
8,3,0,1,2
8,3,1,0,4
8,7,1,2,4
8,7,0,1,2
8,7,1,0,3
8,11,1,0,4
8,11,0,1,2
8,11,1,2,5
8,16,0,1,1
8,16,1,2,3
8,16,1,0,2
8,18,0,1,2
8,18,1,2,3
8,18,1,0,3
8,18,0,2,2
8,18,1,0,1
8,18,1,1,1
8,16,1,0,1
8,16,0,2,3
8,16,1,1,1
8,11,0,2,3
8,11,1,1,1
8,11,1,0,2
8,7,0,2,3
8,7,1,1,3
8,7,1,0,3
8,3,1,0,2
8,3,0,2,3
8,3,1,1,2
10,1,1,1,4
10,1,1,0,2
10,1,0,2,3
10,7,1,1,2
10,7,0,2,2
10,7,1,0,2
10,12,1,1,3
10,12,1,0,3
10,12,0,2,1
10,15,1,0,2
10,15,1,1,1
10,15,0,2,2
10,18,1,1,4
10,18,0,2,2
10,18,1,0,3
10,18,1,0,1
10,18,1,2,1
10,18,0,1,1
10,15,1,2,1
10,15,0,1,1
10,15,1,0,1
10,12,1,0,1
10,12,1,2,1
10,12,0,1,1
10,7,0,1,1
10,7,1,2,1
10,7,1,0,1
10,1,1,2,1
10,1,1,0,1
10,1,0,1,1
13,4,1,0,5
13,4,0,1,2
13,4,1,2,3
13,9,1,0,3
13,9,0,1,3
13,9,1,2,5
13,10,1,2,4
13,10,1,0,3
13,10,0,1,2
13,14,0,1,3
13,14,1,2,5
13,14,1,0,4
13,19,0,1,3
13,19,1,0,4
13,19,1,2,5
13,19,1,0,2
13,19,1,1,2
13,19,0,2,3
13,14,0,2,2
13,14,1,1,2
13,14,1,0,2
13,10,1,0,2
13,10,0,2,2
13,10,1,1,2
13,9,1,1,2
13,9,1,0,2
13,9,0,2,2
13,4,1,1,2
13,4,0,2,2
13,4,1,0,2
14,3,0,0,2
14,3,1,1,5
14,3,1,2,5
14,9,0,0,3
14,9,1,1,5
14,9,1,2,5
14,13,1,1,5
14,13,0,0,3
14,13,1,2,5
14,16,0,0,2
14,16,1,1,5
14,16,1,2,5
14,18,0,0,2
14,18,1,1,5
14,18,1,2,5
14,18,1,2,2
14,18,0,1,3
14,18,1,0,2
14,16,0,1,1
14,16,1,2,3
14,16,1,0,2
14,13,1,0,2
14,13,0,1,1
14,13,1,2,1
14,9,1,2,3
14,9,0,1,1
14,9,1,0,3
14,3,0,1,1
14,3,1,2,1
14,3,1,0,3
15,1,1,0,3
15,1,0,1,2
15,1,1,2,5
15,8,0,1,2
15,8,1,2,5
15,8,1,0,2
15,10,0,1,2
15,10,1,2,5
15,10,1,0,3
15,15,1,0,4
15,15,0,1,3
15,15,1,2,5
15,20,1,0,2
15,20,0,1,2
15,20,1,2,2
15,20,0,2,3
15,20,1,1,3
15,20,1,0,3
15,15,0,2,3
15,15,1,1,3
15,15,1,0,3
15,10,0,2,3
15,10,1,1,3
15,10,1,0,3
15,8,1,0,3
15,8,0,2,3
15,8,1,1,3
15,1,0,2,3
15,1,1,1,3
15,1,1,0,3
19,3,1,1,5
19,3,1,0,5
19,3,0,2,5
19,7,1,1,4
19,7,0,2,5
19,7,1,0,5
19,12,1,0,5
19,12,0,2,5
19,12,1,1,5
19,16,1,0,4
19,16,0,2,4
19,16,1,1,4
19,20,1,0,5
19,20,0,2,5
19,20,1,1,5
19,20,1,2,2
19,20,1,0,2
19,20,0,1,2
19,16,1,2,2
19,16,0,1,2
19,16,1,0,2
19,12,1,0,2
19,12,1,2,2
19,12,0,1,3
19,7,1,2,2
19,7,0,1,3
19,7,1,0,2
19,3,1,0,3
19,3,1,2,3
19,3,0,1,3
20,1,1,1,1
20,1,0,0,2
20,1,1,2,5
20,9,1,1,1
20,9,1,2,5
20,9,0,0,2
20,12,1,1,2
20,12,0,0,3
20,12,1,2,5
20,15,0,0,3
20,15,1,1,1
20,15,1,2,5
20,19,1,1,2
20,19,1,2,5
20,19,0,0,4
20,19,1,0,1
20,19,0,1,1
20,19,1,2,3
20,15,1,2,3
20,15,0,1,2
20,15,1,0,2
20,12,1,0,3
20,12,1,2,3
20,12,0,1,2
20,9,1,0,1
20,9,1,2,3
20,9,0,1,1
20,1,1,2,3
20,1,1,0,2
20,1,0,1,1
23,4,1,0,3
23,4,0,1,3
23,4,1,2,3
23,7,0,1,3
23,7,1,2,3
23,7,1,0,3
23,12,1,0,3
23,12,0,1,3
23,12,1,2,3
23,17,1,0,3
23,17,0,1,3
23,17,1,2,3
23,19,1,0,3
23,19,0,1,3
23,19,1,2,3
23,19,1,0,2
23,19,1,1,2
23,19,0,2,2
23,17,0,2,2
23,17,1,0,2
23,17,1,1,2
23,12,0,2,2
23,12,1,0,2
23,12,1,1,2
23,7,0,2,2
23,7,1,0,2
23,7,1,1,2
23,4,0,2,2
23,4,1,0,2
23,4,1,1,2
26,5,1,1,1
26,5,1,2,5
26,5,0,0,2
26,7,1,1,3
26,7,1,2,3
26,7,0,0,2
26,11,0,0,2
26,11,1,2,4
26,11,1,1,2
26,16,0,0,4
26,16,1,1,5
26,16,1,2,2
26,19,0,0,3
26,19,1,1,1
26,19,1,2,4
26,19,1,2,3
26,19,1,0,2
26,19,0,1,1
26,16,1,2,3
26,16,1,0,3
26,16,0,1,3
26,11,1,2,1
26,11,1,0,2
26,11,0,1,1
26,7,1,2,2
26,7,0,1,2
26,7,1,0,2
26,5,1,2,3
26,5,0,1,1
26,5,1,0,1
28,2,1,1,1
28,2,0,2,2
28,2,1,0,4
28,8,1,1,1
28,8,0,2,1
28,8,1,0,4
28,11,1,0,5
28,11,1,1,2
28,11,0,2,4
28,16,1,0,3
28,16,1,1,1
28,16,0,2,1
28,18,1,1,2
28,18,0,2,2
28,18,1,0,4
28,18,1,0,3
28,18,1,2,3
28,18,0,1,3
28,16,1,2,3
28,16,1,0,3
28,16,0,1,3
28,11,0,1,3
28,11,1,2,3
28,11,1,0,3
28,8,1,0,2
28,8,0,1,2
28,8,1,2,3
28,2,1,2,3
28,2,0,1,3
28,2,1,0,3
32,2,1,0,2
32,2,1,1,1
32,2,0,2,4
32,8,1,0,3
32,8,1,1,1
32,8,0,2,4
32,13,1,0,1
32,13,1,1,1
32,13,0,2,2
32,15,1,0,3
32,15,1,1,3
32,15,0,2,4
32,20,1,0,3
32,20,1,1,2
32,20,0,2,2
32,20,1,2,2
32,20,0,0,1
32,20,1,1,3
32,15,1,2,2
32,15,1,1,3
32,15,0,0,2
32,13,1,2,1
32,13,0,0,1
32,13,1,1,1
32,8,1,2,3
32,8,0,0,3
32,8,1,1,2
32,2,1,2,3
32,2,1,1,3
32,2,0,0,3
34,5,1,1,1
34,5,1,2,5
34,5,0,0,3
34,9,0,0,3
34,9,1,2,5
34,9,1,1,1
34,13,1,1,1
34,13,1,2,5
34,13,0,0,4
34,15,1,1,1
34,15,1,2,5
34,15,0,0,4
34,18,1,1,1
34,18,1,2,5
34,18,0,0,4
34,18,1,0,2
34,18,0,2,3
34,18,1,1,1
34,15,0,2,3
34,15,1,1,1
34,15,1,0,2
34,13,0,2,3
34,13,1,0,2
34,13,1,1,1
34,9,0,2,3
34,9,1,0,2
34,9,1,1,1
34,5,0,2,3
34,5,1,0,2
34,5,1,1,1
38,4,0,2,2
38,4,1,1,1
38,4,1,0,2
38,8,1,1,1
38,8,1,0,2
38,8,0,2,2
38,11,1,1,4
38,11,1,0,5
38,11,0,2,4
38,15,0,2,3
38,15,1,1,3
38,15,1,0,4
38,20,0,2,3
38,20,1,1,4
38,20,1,0,3
38,20,1,2,1
38,20,0,1,3
38,20,1,0,1
38,15,1,2,3
38,15,0,1,2
38,15,1,0,3
38,11,1,0,3
38,11,1,2,3
38,11,0,1,3
38,8,1,0,2
38,8,1,2,3
38,8,0,1,1
38,4,0,1,1
38,4,1,2,3
38,4,1,0,2
40,6,1,0,2
40,6,0,1,1
40,6,1,2,1
40,8,1,0,2
40,8,0,1,2
40,8,1,2,2
40,12,0,1,3
40,12,1,0,5
40,12,1,2,5
40,14,0,1,5
40,14,1,0,5
40,14,1,2,5
40,20,0,1,4
40,20,1,0,3
40,20,1,2,2
40,20,1,0,1
40,20,1,1,3
40,20,0,2,1
40,14,0,2,3
40,14,1,0,3
40,14,1,1,3
40,12,0,2,3
40,12,1,0,3
40,12,1,1,3
40,8,1,0,3
40,8,1,1,1
40,8,0,2,1
40,6,1,0,3
40,6,0,2,3
40,6,1,1,1
43,2,0,2,2
43,2,1,1,2
43,2,1,0,3
43,9,1,1,2
43,9,0,2,2
43,9,1,0,5
43,11,1,0,3
43,11,0,2,2
43,11,1,1,1
43,15,1,1,3
43,15,0,2,5
43,15,1,0,5
43,18,1,1,1
43,18,0,2,1
43,18,1,0,2
43,18,1,2,3
43,18,0,1,1
43,18,1,0,1
43,15,1,2,3
43,15,1,0,3
43,15,0,1,2
43,11,0,1,1
43,11,1,2,3
43,11,1,0,1
43,9,1,2,3
43,9,0,1,1
43,9,1,0,2
43,2,1,0,3
43,2,1,2,3
43,2,0,1,1
46,4,1,0,1
46,4,1,1,1
46,4,0,2,1
46,9,1,0,5
46,9,1,1,5
46,9,0,2,5
46,12,1,0,4
46,12,1,1,4
46,12,0,2,3
46,15,1,0,2
46,15,1,1,2
46,15,0,2,2
46,20,1,0,4
46,20,1,1,5
46,20,0,2,5
46,20,1,2,3
46,20,1,0,2
46,20,0,1,3
46,15,0,1,1
46,15,1,2,1
46,15,1,0,1
46,12,0,1,3
46,12,1,2,3
46,12,1,0,3
46,9,1,2,3
46,9,0,1,3
46,9,1,0,3
46,4,1,2,1
46,4,1,0,1
46,4,0,1,1
47,3,1,1,2
47,3,1,0,2
47,3,0,2,3
47,8,1,1,4
47,8,1,0,2
47,8,0,2,2
47,13,1,1,3
47,13,0,2,2
47,13,1,0,3
47,15,1,1,4
47,15,1,0,3
47,15,0,2,4
47,19,1,1,2
47,19,0,2,3
47,19,1,0,4
47,19,0,0,2
47,19,1,1,3
47,19,1,2,3
47,15,1,1,2
47,15,1,2,3
47,15,0,0,3
47,13,1,1,1
47,13,1,2,2
47,13,0,0,1
47,8,1,2,1
47,8,1,1,2
47,8,0,0,1
47,3,0,0,2
47,3,1,2,2
47,3,1,1,2
53,3,1,1,1
53,3,1,0,4
53,3,0,2,2
53,7,1,1,1
53,7,1,0,3
53,7,0,2,1
53,13,1,1,5
53,13,1,0,5
53,13,0,2,5
53,14,1,1,5
53,14,1,0,5
53,14,0,2,5
53,19,1,0,3
53,19,1,1,2
53,19,0,2,3
53,19,1,0,2
53,19,0,1,1
53,19,1,2,3
53,14,1,2,3
53,14,0,1,3
53,14,1,0,3
53,13,1,0,3
53,13,1,2,3
53,13,0,1,3
53,7,1,0,1
53,7,0,1,1
53,7,1,2,3
53,3,0,1,1
53,3,1,2,3
53,3,1,0,2
56,3,1,1,2
56,3,1,2,5
56,3,0,0,3
56,9,1,1,2
56,9,1,2,2
56,9,0,0,2
56,10,0,0,2
56,10,1,1,2
56,10,1,2,4
56,16,1,1,2
56,16,1,2,4
56,16,0,0,1
56,20,1,1,2
56,20,1,2,2
56,20,0,0,2
56,20,1,0,3
56,20,1,1,1
56,20,0,2,1
56,16,0,2,1
56,16,1,0,3
56,16,1,1,1
56,10,1,0,3
56,10,0,2,1
56,10,1,1,1
56,9,1,0,3
56,9,1,1,2
56,9,0,2,2
56,3,0,2,3
56,3,1,0,3
56,3,1,1,3
69,3,0,1,3
69,3,1,2,3
69,3,1,0,3
69,7,0,1,3
69,7,1,2,3
69,7,1,0,3
69,12,1,2,3
69,12,1,0,5
69,12,0,1,3
69,17,1,2,3
69,17,1,0,3
69,17,0,1,3
69,18,0,1,3
69,18,1,2,3
69,18,1,0,3
69,18,0,2,3
69,18,1,1,3
69,18,1,0,3
69,17,0,2,3
69,17,1,0,3
69,17,1,1,3
69,12,0,2,3
69,12,1,0,3
69,12,1,1,3
69,7,0,2,3
69,7,1,1,3
69,7,1,0,3
69,3,1,0,3
69,3,1,1,3
69,3,0,2,3
73,6,0,1,1
73,6,1,0,1
73,6,1,2,1
73,9,1,0,3
73,9,0,1,2
73,9,1,2,3
73,10,0,1,1
73,10,1,2,3
73,10,1,0,1
73,14,0,1,1
73,14,1,0,2
73,14,1,2,2
73,19,0,1,3
73,19,1,0,2
73,19,1,2,3
73,19,0,2,2
73,19,1,0,2
73,19,1,1,2
73,14,1,0,2
73,14,1,1,2
73,14,0,2,2
73,10,1,1,2
73,10,0,2,2
73,10,1,0,2
73,9,0,2,2
73,9,1,1,2
73,9,1,0,2
73,6,1,0,2
73,6,0,2,2
73,6,1,1,2
75,1,1,1,4
75,1,0,2,4
75,1,1,0,4
75,7,1,0,3
75,7,0,2,4
75,7,1,1,4
75,13,1,1,2
75,13,1,0,3
75,13,0,2,2
75,14,1,1,2
75,14,1,0,3
75,14,0,2,2
75,19,1,1,4
75,19,1,0,4
75,19,0,2,4
75,19,1,1,1
75,19,0,0,1
75,19,1,2,1
75,14,1,2,1
75,14,0,0,1
75,14,1,1,1
75,13,1,2,1
75,13,1,1,1
75,13,0,0,1
75,7,0,0,1
75,7,1,1,1
75,7,1,2,1
75,1,1,2,3
75,1,1,1,3
75,1,0,0,3
78,4,0,2,1
78,4,1,1,1
78,4,1,0,3
78,8,1,0,3
78,8,1,1,3
78,8,0,2,2
78,11,1,0,3
78,11,1,1,2
78,11,0,2,2
78,14,1,0,3
78,14,1,1,2
78,14,0,2,2
78,18,1,1,2
78,18,0,2,2
78,18,1,0,5
78,18,1,2,3
78,18,0,1,1
78,18,1,0,3
78,14,1,2,3
78,14,1,0,3
78,14,0,1,1
78,11,1,2,3
78,11,0,1,1
78,11,1,0,1
78,8,1,2,3
78,8,1,0,3
78,8,0,1,1
78,4,1,0,1
78,4,0,1,1
78,4,1,2,2
82,4,1,0,2
82,4,1,1,3
82,4,0,2,2
82,8,1,1,1
82,8,1,0,3
82,8,0,2,4
82,11,1,1,4
82,11,1,0,1
82,11,0,2,2
82,16,1,1,4
82,16,0,2,2
82,16,1,0,2
82,19,1,1,2
82,19,1,0,2
82,19,0,2,2
82,19,1,0,1
82,19,1,2,1
82,19,0,1,1
82,16,1,2,1
82,16,1,0,1
82,16,0,1,1
82,11,1,2,1
82,11,1,0,1
82,11,0,1,1
82,8,1,2,1
82,8,0,1,1
82,8,1,0,1
82,4,1,2,1
82,4,0,1,2
82,4,1,0,1
87,1,1,1,1
87,1,0,0,1
87,1,1,2,5
87,8,0,0,3
87,8,1,1,2
87,8,1,2,5
87,10,0,0,2
87,10,1,1,3
87,10,1,2,5
87,16,0,0,4
87,16,1,2,5
87,16,1,1,4
87,18,1,2,5
87,18,0,0,2
87,18,1,1,2
87,18,0,2,3
87,18,1,1,1
87,18,1,0,2
87,16,0,2,3
87,16,1,1,3
87,16,1,0,3
87,10,0,2,3
87,10,1,0,2
87,10,1,1,1
87,8,1,0,2
87,8,0,2,3
87,8,1,1,1
87,1,0,2,3
87,1,1,0,1
87,1,1,1,1
89,4,1,2,2
89,4,0,0,1
89,4,1,1,2
89,9,1,1,2
89,9,1,2,4
89,9,0,0,3
89,13,1,1,2
89,13,1,2,3
89,13,0,0,1
89,17,1,1,2
89,17,1,2,4
89,17,0,0,3
89,18,1,2,3
89,18,0,0,1
89,18,1,1,1
89,18,1,2,2
89,18,1,0,1
89,18,0,1,1
89,17,1,0,2
89,17,0,1,1
89,17,1,2,3
89,13,1,2,1
89,13,0,1,1
89,13,1,0,1
89,9,0,1,2
89,9,1,0,1
89,9,1,2,3
89,4,1,0,1
89,4,0,1,1
89,4,1,2,1
102,4,0,1,1
102,4,1,2,2
102,4,1,0,1
102,8,0,1,2
102,8,1,2,2
102,8,1,0,2
102,12,1,0,4
102,12,1,2,5
102,12,0,1,3
102,15,1,0,2
102,15,0,1,1
102,15,1,2,2
102,19,0,1,2
102,19,1,2,5
102,19,1,0,2
102,19,1,2,3
102,19,0,0,1
102,19,1,1,1
102,15,1,2,3
102,15,0,0,3
102,15,1,1,2
102,12,1,2,3
102,12,0,0,3
102,12,1,1,2
102,8,1,2,3
102,8,1,1,1
102,8,0,0,1
102,4,0,0,1
102,4,1,1,1
102,4,1,2,3
118,1,1,0,3
118,1,0,1,3
118,1,1,2,5
118,7,0,1,2
118,7,1,2,5
118,7,1,0,4
118,10,0,1,3
118,10,1,2,3
118,10,1,0,4
118,16,0,1,1
118,16,1,2,5
118,16,1,0,3
118,20,0,1,3
118,20,1,2,5
118,20,1,0,3
118,20,0,2,2
118,20,1,0,2
118,20,1,1,2
118,16,1,0,2
118,16,1,1,1
118,16,0,2,3
118,10,0,2,3
118,10,1,1,1
118,10,1,0,1
118,7,1,0,2
118,7,0,2,3
118,7,1,1,2
118,1,1,0,2
118,1,1,1,1
118,1,0,2,3
122,1,0,1,2
122,1,1,2,5
122,1,1,0,5
122,7,0,1,1
122,7,1,0,5
122,7,1,2,5
122,10,0,1,2
122,10,1,0,5
122,10,1,2,5
122,15,0,1,5
122,15,1,0,5
122,15,1,2,5
122,20,0,1,4
122,20,1,0,5
122,20,1,2,5
122,20,1,0,3
122,20,1,1,3
122,20,0,2,3
122,15,1,1,3
122,15,0,2,3
122,15,1,0,3
122,10,1,0,1
122,10,1,1,3
122,10,0,2,3
122,7,0,2,3
122,7,1,1,3
122,7,1,0,3
122,1,1,1,1
122,1,0,2,3
122,1,1,0,3
129,3,1,1,4
129,3,1,0,5
129,3,0,2,4
129,9,1,1,1
129,9,0,2,2
129,9,1,0,3
129,11,1,0,5
129,11,0,2,2
129,11,1,1,2
129,14,1,0,5
129,14,0,2,4
129,14,1,1,5
129,20,1,0,3
129,20,0,2,2
129,20,1,1,1
129,20,1,2,3
129,20,0,1,1
129,20,1,0,3
129,14,1,2,3
129,14,1,0,3
129,14,0,1,3
129,11,1,0,3
129,11,1,2,3
129,11,0,1,1
129,9,1,2,3
129,9,1,0,3
129,9,0,1,1
129,3,1,2,3
129,3,1,0,3
129,3,0,1,1
136,4,1,1,3
136,4,0,2,3
136,4,1,0,2
136,7,1,1,3
136,7,0,2,3
136,7,1,0,3
136,13,1,1,3
136,13,0,2,3
136,13,1,0,3
136,14,1,1,3
136,14,0,2,3
136,14,1,0,3
136,19,1,0,3
136,19,1,1,3
136,19,0,2,3
136,19,0,0,2
136,19,1,1,1
136,19,1,2,3
136,14,1,2,3
136,14,0,0,1
136,14,1,1,1
136,13,0,0,2
136,13,1,2,3
136,13,1,1,2
136,7,0,0,2
136,7,1,2,3
136,7,1,1,1
136,4,0,0,1
136,4,1,1,1
136,4,1,2,3
137,5,1,1,2
137,5,0,0,3
137,5,1,2,4
137,7,1,1,2
137,7,0,0,3
137,7,1,2,3
137,13,1,1,3
137,13,0,0,2
137,13,1,2,3
137,15,1,1,3
137,15,1,2,2
137,15,0,0,2
137,19,0,0,2
137,19,1,1,2
137,19,1,2,3
137,19,1,0,2
137,19,0,1,1
137,19,1,2,1
137,15,1,2,1
137,15,1,0,2
137,15,0,1,1
137,13,1,0,2
137,13,1,2,1
137,13,0,1,1
137,7,1,0,2
137,7,0,1,2
137,7,1,2,3
137,5,1,2,1
137,5,0,1,1
137,5,1,0,3
138,5,0,2,2
138,5,1,0,2
138,5,1,1,1
138,7,1,0,5
138,7,1,1,4
138,7,0,2,5
138,10,1,0,3
138,10,1,1,1
138,10,0,2,2
138,16,0,2,3
138,16,1,0,2
138,16,1,1,1
138,20,0,2,5
138,20,1,0,5
138,20,1,1,5
138,20,1,2,3
138,20,1,0,3
138,20,0,1,3
138,16,1,0,3
138,16,0,1,2
138,16,1,2,3
138,10,0,1,1
138,10,1,2,3
138,10,1,0,3
138,7,0,1,3
138,7,1,2,3
138,7,1,0,1
138,5,1,0,1
138,5,1,2,1
138,5,0,1,1
141,6,0,1,1
141,6,1,2,4
141,6,1,0,2
141,9,0,1,4
141,9,1,2,5
141,9,1,0,4
141,10,1,0,2
141,10,0,1,2
141,10,1,2,5
141,17,1,0,4
141,17,1,2,4
141,17,0,1,2
141,18,0,1,1
141,18,1,2,4
141,18,1,0,3
141,18,1,1,1
141,18,0,2,1
141,18,1,0,2
141,17,1,0,3
141,17,1,1,2
141,17,0,2,3
141,10,1,1,2
141,10,0,2,3
141,10,1,0,3
141,9,1,1,2
141,9,0,2,3
141,9,1,0,3
141,6,1,0,3
141,6,1,1,1
141,6,0,2,1
144,3,0,1,2
144,3,1,2,5
144,3,1,0,4
144,9,0,1,1
144,9,1,0,3
144,9,1,2,4
144,10,1,2,5
144,10,0,1,3
144,10,1,0,4
144,14,0,1,3
144,14,1,2,5
144,14,1,0,4
144,18,0,1,2
144,18,1,0,4
144,18,1,2,4
144,18,1,1,1
144,18,0,0,1
144,18,1,2,2
144,14,1,1,3
144,14,1,2,3
144,14,0,0,3
144,10,1,2,3
144,10,0,0,2
144,10,1,1,1
144,9,1,2,3
144,9,0,0,1
144,9,1,1,3
144,3,1,2,3
144,3,0,0,3
144,3,1,1,2
148,2,1,1,4
148,2,1,2,4
148,2,0,0,2
148,9,1,1,5
148,9,1,2,4
148,9,0,0,2
148,13,1,1,5
148,13,1,2,5
148,13,0,0,2
148,15,1,1,5
148,15,1,2,5
148,15,0,0,3
148,20,1,1,4
148,20,1,2,2
148,20,0,0,2
148,20,1,0,2
148,20,1,1,3
148,20,0,2,3
148,15,0,2,3
148,15,1,0,2
148,15,1,1,2
148,13,1,0,2
148,13,0,2,3
148,13,1,1,3
148,9,0,2,3
148,9,1,0,2
148,9,1,1,1
148,2,1,0,1
148,2,0,2,1
148,2,1,1,3
149,6,0,1,1
149,6,1,2,2
149,6,1,0,2
149,8,0,1,1
149,8,1,2,2
149,8,1,0,1
149,13,0,1,4
149,13,1,2,4
149,13,1,0,4
149,15,0,1,4
149,15,1,0,4
149,15,1,2,4
149,18,0,1,4
149,18,1,0,4
149,18,1,2,5
149,18,0,2,3
149,18,1,0,3
149,18,1,1,3
149,15,1,1,3
149,15,0,2,3
149,15,1,0,3
149,13,1,0,3
149,13,0,2,3
149,13,1,1,3
149,8,1,0,1
149,8,0,2,1
149,8,1,1,1
149,6,1,1,1
149,6,0,2,3
149,6,1,0,1
153,1,1,1,1
153,1,1,0,3
153,1,0,2,5
153,9,1,0,5
153,9,1,1,4
153,9,0,2,5
153,10,1,1,1
153,10,0,2,3
153,10,1,0,3
153,16,1,1,3
153,16,0,2,5
153,16,1,0,4
153,19,1,1,2
153,19,1,0,3
153,19,0,2,5
153,19,1,0,3
153,19,0,1,2
153,19,1,2,3
153,16,1,2,3
153,16,1,0,3
153,16,0,1,3
153,10,1,2,3
153,10,1,0,3
153,10,0,1,1
153,9,0,1,3
153,9,1,2,3
153,9,1,0,3
153,1,0,1,1
153,1,1,2,3
153,1,1,0,2
160,1,0,2,1
160,1,1,0,3
160,1,1,1,1
160,9,0,2,4
160,9,1,1,3
160,9,1,0,4
160,11,1,0,2
160,11,0,2,3
160,11,1,1,1
160,15,1,0,1
160,15,1,1,4
160,15,0,2,1
160,20,1,1,5
160,20,0,2,1
160,20,1,0,3
160,20,1,2,3
160,20,1,0,1
160,20,0,1,3
160,15,1,2,3
160,15,1,0,1
160,15,0,1,3
160,11,0,1,1
160,11,1,2,3
160,11,1,0,2
160,9,0,1,3
160,9,1,2,3
160,9,1,0,3
160,1,0,1,1
160,1,1,2,3
160,1,1,0,3
165,6,1,1,2
165,6,0,0,4
165,6,1,2,4
165,9,1,1,2
165,9,0,0,4
165,9,1,2,4
165,12,0,0,3
165,12,1,1,2
165,12,1,2,4
165,14,1,1,2
165,14,0,0,3
165,14,1,2,3
165,19,1,1,2
165,19,0,0,4
165,19,1,2,5
165,19,1,0,3
165,19,1,1,1
165,19,0,2,3
165,14,1,1,2
165,14,0,2,3
165,14,1,0,2
165,12,1,0,2
165,12,1,1,1
165,12,0,2,3
165,9,1,0,3
165,9,0,2,3
165,9,1,1,1
165,6,1,1,1
165,6,0,2,3
165,6,1,0,2
171,5,0,0,4
171,5,1,2,5
171,5,1,1,1
171,9,0,0,4
171,9,1,2,4
171,9,1,1,1
171,13,0,0,5
171,13,1,1,1
171,13,1,2,4
171,15,1,1,4
171,15,0,0,4
171,15,1,2,4
171,20,0,0,4
171,20,1,2,3
171,20,1,1,1
171,20,0,2,2
171,20,1,1,2
171,20,1,0,2
171,15,0,2,2
171,15,1,1,2
171,15,1,0,2
171,13,0,2,2
171,13,1,1,2
171,13,1,0,2
171,9,1,0,2
171,9,0,2,2
171,9,1,1,2
171,5,0,2,2
171,5,1,0,2
171,5,1,1,2
172,5,1,1,5
172,5,0,2,5
172,5,1,0,5
172,8,1,1,2
172,8,0,2,4
172,8,1,0,4
172,11,1,1,4
172,11,0,2,4
172,11,1,0,4
172,17,0,2,5
172,17,1,1,5
172,17,1,0,5
172,19,1,1,1
172,19,0,2,2
172,19,1,0,4
172,19,1,2,3
172,19,0,0,1
172,19,1,1,3
172,17,1,2,3
172,17,0,0,3
172,17,1,1,3
172,11,1,2,3
172,11,1,1,3
172,11,0,0,3
172,8,0,0,3
172,8,1,2,3
172,8,1,1,3
172,5,0,0,3
172,5,1,1,3
172,5,1,2,3
173,1,1,1,1
173,1,1,2,3
173,1,0,0,1
173,9,1,1,2
173,9,1,2,3
173,9,0,0,1
173,11,0,0,3
173,11,1,1,2
173,11,1,2,3
173,17,1,1,1
173,17,1,2,3
173,17,0,0,2
173,20,1,1,3
173,20,1,2,4
173,20,0,0,4
173,20,0,2,3
173,20,1,0,3
173,20,1,1,3
173,17,1,0,3
173,17,1,1,3
173,17,0,2,3
173,11,1,0,3
173,11,1,1,3
173,11,0,2,3
173,9,1,0,3
173,9,1,1,3
173,9,0,2,3
173,1,0,2,3
173,1,1,0,3
173,1,1,1,3
175,3,0,1,3
175,3,1,2,5
175,3,1,0,3
175,9,0,1,2
175,9,1,2,5
175,9,1,0,2
175,11,0,1,3
175,11,1,2,5
175,11,1,0,4
175,17,0,1,2
175,17,1,2,5
175,17,1,0,3
175,20,1,0,2
175,20,0,1,2
175,20,1,2,3
175,20,0,2,1
175,20,1,1,1
175,20,1,0,1
175,17,1,0,2
175,17,1,1,1
175,17,0,2,3
175,11,0,2,3
175,11,1,0,3
175,11,1,1,3
175,9,1,0,1
175,9,1,1,1
175,9,0,2,2
175,3,1,0,2
175,3,1,1,2
175,3,0,2,3
176,6,1,0,1
176,6,1,1,1
176,6,0,2,1
176,8,1,0,5
176,8,1,1,5
176,8,0,2,5
176,13,1,1,5
176,13,0,2,5
176,13,1,0,5
176,16,1,1,5
176,16,0,2,3
176,16,1,0,5
176,18,1,1,1
176,18,0,2,2
176,18,1,0,3
176,18,1,2,2
176,18,1,0,2
176,18,0,1,1
176,16,1,0,3
176,16,0,1,3
176,16,1,2,3
176,13,1,0,3
176,13,0,1,3
176,13,1,2,3
176,8,1,2,2
176,8,0,1,1
176,8,1,0,2
176,6,0,1,1
176,6,1,2,2
176,6,1,0,2
177,5,0,2,4
177,5,1,0,3
177,5,1,1,4
177,8,1,0,2
177,8,1,1,2
177,8,0,2,2
177,13,1,0,3
177,13,1,1,2
177,13,0,2,2
177,15,1,0,3
177,15,1,1,2
177,15,0,2,2
177,18,1,0,3
177,18,1,1,2
177,18,0,2,2
177,18,0,1,1
177,18,1,2,1
177,18,1,0,1
177,15,1,2,1
177,15,1,0,1
177,15,0,1,1
177,13,0,1,1
177,13,1,2,2
177,13,1,0,2
177,8,1,2,2
177,8,0,1,2
177,8,1,0,1
177,5,0,1,1
177,5,1,2,3
177,5,1,0,3
179,1,0,0,2
179,1,1,1,2
179,1,1,2,2
179,8,1,1,4
179,8,0,0,4
179,8,1,2,4
179,12,1,2,4
179,12,0,0,4
179,12,1,1,4
179,17,1,1,4
179,17,0,0,3
179,17,1,2,4
179,20,1,1,2
179,20,0,0,2
179,20,1,2,2
179,20,0,2,3
179,20,1,0,3
179,20,1,1,2
179,17,0,2,3
179,17,1,1,3
179,17,1,0,3
179,12,0,2,2
179,12,1,0,3
179,12,1,1,2
179,8,0,2,3
179,8,1,0,3
179,8,1,1,3
179,1,0,2,3
179,1,1,0,3
179,1,1,1,3
181,1,1,1,5
181,1,0,2,4
181,1,1,0,5
181,7,1,0,5
181,7,0,2,2
181,7,1,1,1
181,12,1,0,3
181,12,1,1,1
181,12,0,2,1
181,15,1,1,5
181,15,1,0,5
181,15,0,2,5
181,19,1,1,3
181,19,1,0,3
181,19,0,2,1
181,19,1,2,3
181,19,0,0,2
181,19,1,1,1
181,15,1,2,2
181,15,1,1,3
181,15,0,0,3
181,12,0,0,3
181,12,1,2,3
181,12,1,1,1
181,7,1,1,3
181,7,1,2,3
181,7,0,0,3
181,1,1,2,3
181,1,1,1,1
181,1,0,0,3
186,5,1,1,2
186,5,1,2,5
186,5,0,0,3
186,8,1,2,4
186,8,1,1,2
186,8,0,0,2
186,10,0,0,4
186,10,1,1,3
186,10,1,2,4
186,17,1,1,3
186,17,1,2,5
186,17,0,0,3
186,20,1,1,2
186,20,1,2,4
186,20,0,0,2
186,20,1,2,2
186,20,0,1,1
186,20,1,0,1
186,17,1,0,3
186,17,0,1,3
186,17,1,2,3
186,10,1,2,3
186,10,1,0,2
186,10,0,1,2
186,8,1,2,3
186,8,1,0,2
186,8,0,1,1
186,5,1,2,3
186,5,1,0,3
186,5,0,1,2
188,5,1,1,5
188,5,0,2,5
188,5,1,0,5
188,7,1,1,3
188,7,0,2,3
188,7,1,0,3
188,11,1,0,3
188,11,1,1,4
188,11,0,2,4
188,14,1,0,2
188,14,1,1,3
188,14,0,2,5
188,18,1,1,3
188,18,0,2,4
188,18,1,0,2
188,18,1,2,2
188,18,1,0,1
188,18,0,1,1
188,14,0,1,3
188,14,1,2,3
188,14,1,0,3
188,11,1,0,3
188,11,0,1,3
188,11,1,2,3
188,7,0,1,2
188,7,1,0,1
188,7,1,2,3
188,5,0,1,3
188,5,1,2,3
188,5,1,0,3
192,3,1,1,2
192,3,0,2,4
192,3,1,0,4
192,9,1,1,1
192,9,0,2,1
192,9,1,0,1
192,11,1,1,2
192,11,0,2,4
192,11,1,0,4
192,14,1,1,4
192,14,0,2,4
192,14,1,0,4
192,19,1,1,4
192,19,0,2,4
192,19,1,0,2
192,19,1,2,3
192,19,0,1,3
192,19,1,0,3
192,14,1,2,3
192,14,1,0,3
192,14,0,1,3
192,11,1,2,3
192,11,1,0,3
192,11,0,1,1
192,9,1,2,1
192,9,1,0,1
192,9,0,1,1
192,3,1,0,3
192,3,0,1,3
192,3,1,2,3
201,6,0,2,3
201,6,1,0,3
201,6,1,1,2
201,7,0,2,4
201,7,1,0,4
201,7,1,1,2
201,10,1,0,3
201,10,1,1,3
201,10,0,2,3
201,16,1,1,4
201,16,1,0,3
201,16,0,2,3
201,19,1,0,3
201,19,1,1,2
201,19,0,2,4
201,19,1,2,3
201,19,0,1,1
201,19,1,0,2
201,16,1,2,3
201,16,1,0,2
201,16,0,1,2
201,10,1,2,1
201,10,1,0,3
201,10,0,1,2
201,7,0,1,2
201,7,1,2,3
201,7,1,0,2
201,6,0,1,1
201,6,1,2,3
201,6,1,0,2
205,3,1,2,5
205,3,1,0,5
205,3,0,1,3
205,8,0,1,4
205,8,1,2,4
205,8,1,0,4
205,10,1,0,2
205,10,0,1,1
205,10,1,2,1
205,14,1,2,5
205,14,1,0,5
205,14,0,1,5
205,18,1,2,2
205,18,1,0,1
205,18,0,1,1
205,18,0,2,1
205,18,1,0,1
205,18,1,1,1
205,14,0,2,3
205,14,1,0,3
205,14,1,1,3
205,10,0,2,1
205,10,1,0,1
205,10,1,1,1
205,8,1,1,3
205,8,1,0,3
205,8,0,2,3
205,3,0,2,2
205,3,1,0,2
205,3,1,1,2
208,2,0,2,1
208,2,1,1,1
208,2,1,0,5
208,7,1,0,5
208,7,1,1,5
208,7,0,2,4
208,12,1,1,1
208,12,0,2,2
208,12,1,0,5
208,15,0,2,1
208,15,1,1,1
208,15,1,0,3
208,19,0,2,1
208,19,1,1,1
208,19,1,0,2
208,19,1,2,2
208,19,1,1,1
208,19,0,0,1
208,15,0,0,1
208,15,1,1,1
208,15,1,2,2
208,12,1,1,1
208,12,0,0,1
208,12,1,2,3
208,7,0,0,1
208,7,1,2,3
208,7,1,1,1
208,2,0,0,1
208,2,1,2,3
208,2,1,1,2
209,5,1,0,2
209,5,1,1,1
209,5,0,2,1
209,8,1,0,1
209,8,1,1,2
209,8,0,2,3
209,13,1,1,2
209,13,0,2,2
209,13,1,0,3
209,16,1,1,4
209,16,0,2,5
209,16,1,0,5
209,19,1,0,3
209,19,0,2,5
209,19,1,1,1
209,19,1,2,3
209,19,1,1,3
209,19,0,0,3
209,16,1,2,3
209,16,1,1,3
209,16,0,0,3
209,13,0,0,1
209,13,1,2,3
209,13,1,1,1
209,8,1,2,3
209,8,0,0,2
209,8,1,1,2
209,5,1,2,3
209,5,0,0,2
209,5,1,1,3
216,1,1,1,5
216,1,1,2,5
216,1,0,0,5
216,9,1,1,4
216,9,1,2,4
216,9,0,0,3
216,13,1,1,1
216,13,0,0,1
216,13,1,2,2
216,15,1,1,4
216,15,0,0,3
216,15,1,2,4
216,20,1,1,2
216,20,1,2,2
216,20,0,0,2
216,20,1,0,1
216,20,0,2,1
216,20,1,1,1
216,15,1,0,2
216,15,1,1,2
216,15,0,2,2
216,13,0,2,1
216,13,1,0,1
216,13,1,1,1
216,9,1,0,2
216,9,1,1,2
216,9,0,2,3
216,1,0,2,3
216,1,1,0,3
216,1,1,1,3
217,3,1,1,5
217,3,0,2,5
217,3,1,0,5
217,8,0,2,2
217,8,1,1,1
217,8,1,0,2
217,10,1,0,5
217,10,1,1,3
217,10,0,2,3
217,14,1,0,5
217,14,1,1,3
217,14,0,2,3
217,18,1,1,1
217,18,1,0,3
217,18,0,2,1
217,18,1,1,1
217,18,1,2,3
217,18,0,0,1
217,14,0,0,3
217,14,1,1,2
217,14,1,2,3
217,10,1,1,3
217,10,1,2,3
217,10,0,0,3
217,8,1,1,1
217,8,1,2,3
217,8,0,0,1
217,3,0,0,3
217,3,1,1,3
217,3,1,2,3
221,2,1,0,3
221,2,0,1,3
221,2,1,2,3
221,9,1,0,4
221,9,1,2,4
221,9,0,1,4
221,10,0,1,2
221,10,1,0,3
221,10,1,2,3
221,16,1,2,3
221,16,0,1,3
221,16,1,0,3
221,18,1,0,3
221,18,0,1,2
221,18,1,2,2
221,18,0,0,1
221,18,1,1,1
221,18,1,2,1
221,16,1,2,3
221,16,0,0,3
221,16,1,1,2
221,10,0,0,2
221,10,1,1,3
221,10,1,2,3
221,9,0,0,3
221,9,1,2,3
221,9,1,1,3
221,2,1,2,3
221,2,1,1,3
221,2,0,0,2
223,5,0,1,4
223,5,1,2,5
223,5,1,0,3
223,8,0,1,2
223,8,1,0,3
223,8,1,2,3
223,11,0,1,2
223,11,1,0,3
223,11,1,2,4
223,16,0,1,5
223,16,1,0,3
223,16,1,2,3
223,19,0,1,3
223,19,1,0,3
223,19,1,2,3
223,19,0,2,3
223,19,1,0,2
223,19,1,1,2
223,16,0,2,3
223,16,1,1,3
223,16,1,0,3
223,11,1,0,3
223,11,1,1,3
223,11,0,2,3
223,8,1,0,2
223,8,0,2,3
223,8,1,1,2
223,5,1,0,3
223,5,0,2,3
223,5,1,1,2
236,6,1,1,1
236,6,1,0,3
236,6,0,2,1
236,7,1,1,3
236,7,1,0,4
236,7,0,2,2
236,11,0,2,3
236,11,1,1,2
236,11,1,0,4
236,14,0,2,5
236,14,1,1,5
236,14,1,0,5
236,19,1,1,3
236,19,1,0,4
236,19,0,2,4
236,19,1,2,3
236,19,0,1,2
236,19,1,0,2
236,14,1,2,3
236,14,0,1,3
236,14,1,0,3
236,11,1,0,3
236,11,1,2,3
236,11,0,1,3
236,7,1,2,3
236,7,1,0,3
236,7,0,1,3
236,6,1,2,3
236,6,1,0,3
236,6,0,1,1
237,6,1,0,2
237,6,1,1,1
237,6,0,2,1
237,9,0,2,1
237,9,1,1,1
237,9,1,0,2
237,13,1,0,2
237,13,1,1,3
237,13,0,2,1
237,17,1,0,4
237,17,1,1,2
237,17,0,2,4
237,19,1,0,5
237,19,1,1,3
237,19,0,2,4
237,19,1,0,3
237,19,0,1,3
237,19,1,2,2
237,17,1,2,3
237,17,1,0,3
237,17,0,1,2
237,13,1,2,1
237,13,1,0,1
237,13,0,1,1
237,9,1,0,1
237,9,0,1,1
237,9,1,2,3
237,6,1,0,1
237,6,1,2,3
237,6,0,1,1
243,2,1,1,1
243,2,0,2,1
243,2,1,0,1
243,8,1,1,3
243,8,0,2,3
243,8,1,0,3
243,11,1,0,2
243,11,0,2,2
243,11,1,1,1
243,14,1,0,3
243,14,1,1,1
243,14,0,2,2
243,19,1,1,1
243,19,0,2,1
243,19,1,0,3
243,19,1,1,1
243,19,1,2,2
243,19,0,0,1
243,14,1,2,3
243,14,0,0,2
243,14,1,1,1
243,11,0,0,1
243,11,1,1,1
243,11,1,2,3
243,8,1,1,2
243,8,1,2,3
243,8,0,0,3
243,2,1,2,3
243,2,0,0,3
243,2,1,1,2
244,5,1,0,1
244,5,1,1,1
244,5,0,2,3
244,9,1,1,1
244,9,1,0,3
244,9,0,2,5
244,13,1,1,1
244,13,1,0,2
244,13,0,2,3
244,14,1,1,3
244,14,1,0,3
244,14,0,2,4
244,19,1,1,2
244,19,1,0,2
244,19,0,2,2
244,19,1,1,1
244,19,1,2,3
244,19,0,0,2
244,14,1,2,3
244,14,0,0,3
244,14,1,1,2
244,13,1,1,1
244,13,1,2,3
244,13,0,0,2
244,9,1,2,3
244,9,0,0,2
244,9,1,1,1
244,5,1,1,1
244,5,1,2,3
244,5,0,0,2
247,5,1,1,1
247,5,0,2,4
247,5,1,0,3
247,8,1,1,1
247,8,1,0,3
247,8,0,2,3
247,11,1,1,1
247,11,0,2,3
247,11,1,0,3
247,17,1,1,1
247,17,0,2,3
247,17,1,0,3
247,18,1,1,1
247,18,0,2,3
247,18,1,0,3
247,18,1,2,3
247,18,1,0,2
247,18,0,1,3
247,17,1,2,3
247,17,1,0,3
247,17,0,1,2
247,11,0,1,3
247,11,1,0,3
247,11,1,2,3
247,8,0,1,2
247,8,1,2,3
247,8,1,0,2
247,5,0,1,3
247,5,1,2,3
247,5,1,0,3
249,4,0,2,2
249,4,1,1,2
249,4,1,0,2
249,9,0,2,2
249,9,1,1,2
249,9,1,0,2
249,10,1,0,3
249,10,1,1,3
249,10,0,2,3
249,15,1,1,4
249,15,0,2,4
249,15,1,0,3
249,18,0,2,2
249,18,1,1,2
249,18,1,0,2
249,18,1,2,1
249,18,0,1,1
249,18,1,0,1
249,15,1,2,3
249,15,1,0,2
249,15,0,1,2
249,10,1,0,2
249,10,0,1,2
249,10,1,2,3
249,9,1,2,1
249,9,0,1,1
249,9,1,0,2
249,4,1,2,2
249,4,0,1,2
249,4,1,0,2
264,4,1,0,3
264,4,1,1,2
264,4,0,2,1
264,7,1,1,3
264,7,1,0,3
264,7,0,2,1
264,11,1,1,2
264,11,0,2,1
264,11,1,0,3
264,15,1,1,1
264,15,1,0,4
264,15,0,2,1
264,20,1,1,4
264,20,1,0,3
264,20,0,2,1
264,20,1,2,3
264,20,1,1,3
264,20,0,0,3
264,15,0,0,3
264,15,1,1,1
264,15,1,2,3
264,11,1,2,3
264,11,1,1,1
264,11,0,0,3
264,7,0,0,3
264,7,1,2,3
264,7,1,1,2
264,4,1,2,3
264,4,1,1,1
264,4,0,0,3
267,3,1,1,3
267,3,1,0,4
267,3,0,2,3
267,8,1,1,5
267,8,1,0,5
267,8,0,2,5
267,10,1,0,2
267,10,1,1,2
267,10,0,2,2
267,17,1,1,3
267,17,0,2,3
267,17,1,0,4
267,19,1,1,2
267,19,0,2,4
267,19,1,0,3
267,19,1,1,2
267,19,1,2,3
267,19,0,0,2
267,17,0,0,3
267,17,1,2,3
267,17,1,1,2
267,10,1,1,1
267,10,0,0,1
267,10,1,2,3
267,8,1,1,3
267,8,1,2,3
267,8,0,0,3
267,3,1,2,3
267,3,0,0,3
267,3,1,1,1
269,3,0,1,2
269,3,1,2,5
269,3,1,0,4
269,7,0,1,2
269,7,1,0,3
269,7,1,2,5
269,13,1,2,4
269,13,1,0,3
269,13,0,1,3
269,16,1,2,5
269,16,1,0,4
269,16,0,1,4
269,19,1,2,5
269,19,1,0,4
269,19,0,1,4
269,19,0,2,3
269,19,1,0,2
269,19,1,1,2
269,16,0,2,3
269,16,1,0,3
269,16,1,1,3
269,13,0,2,1
269,13,1,0,1
269,13,1,1,1
269,7,0,2,2
269,7,1,0,1
269,7,1,1,1
269,3,0,2,1
269,3,1,1,1
269,3,1,0,2
274,5,1,1,1
274,5,1,2,4
274,5,0,0,2
274,9,1,1,1
274,9,1,2,3
274,9,0,0,3
274,10,1,2,5
274,10,0,0,4
274,10,1,1,4
274,17,0,0,2
274,17,1,2,3
274,17,1,1,2
274,18,0,0,2
274,18,1,1,1
274,18,1,2,4
274,18,0,2,2
274,18,1,0,2
274,18,1,1,2
274,17,1,0,2
274,17,0,2,2
274,17,1,1,1
274,10,1,1,3
274,10,1,0,3
274,10,0,2,3
274,9,1,1,1
274,9,0,2,1
274,9,1,0,1
274,5,0,2,2
274,5,1,0,2
274,5,1,1,1
276,4,0,0,3
276,4,1,1,3
276,4,1,2,4
276,8,1,1,3
276,8,1,2,3
276,8,0,0,4
276,10,1,2,4
276,10,0,0,5
276,10,1,1,3
276,17,1,2,3
276,17,0,0,2
276,17,1,1,3
276,18,0,0,4
276,18,1,1,3
276,18,1,2,4
276,18,1,0,2
276,18,0,1,1
276,18,1,2,3
276,17,1,2,3
276,17,0,1,2
276,17,1,0,2
276,10,1,0,2
276,10,0,1,3
276,10,1,2,3
276,8,1,0,2
276,8,1,2,3
276,8,0,1,3
276,4,0,1,2
276,4,1,2,3
276,4,1,0,2
289,2,1,1,2
289,2,1,0,4
289,2,0,2,2
289,9,1,1,2
289,9,1,0,2
289,9,0,2,2
289,11,1,1,2
289,11,1,0,2
289,11,0,2,2
289,17,1,1,2
289,17,1,0,3
289,17,0,2,2
289,18,1,0,3
289,18,0,2,1
289,18,1,1,2
289,18,1,0,2
289,18,0,1,1
289,18,1,2,3
289,17,1,2,3
289,17,0,1,3
289,17,1,0,2
289,11,1,0,3
289,11,0,1,1
289,11,1,2,3
289,9,1,0,2
289,9,0,1,1
289,9,1,2,3
289,2,0,1,1
289,2,1,2,3
289,2,1,0,3
292,2,1,0,4
292,2,1,1,3
292,2,0,2,5
292,7,1,1,3
292,7,1,0,3
292,7,0,2,4
292,13,1,1,4
292,13,0,2,5
292,13,1,0,2
292,16,1,0,5
292,16,1,1,2
292,16,0,2,3
292,20,1,0,2
292,20,1,1,4
292,20,0,2,2
292,20,1,0,1
292,20,1,2,1
292,20,0,1,3
292,16,1,0,3
292,16,0,1,2
292,16,1,2,3
292,13,0,1,3
292,13,1,2,3
292,13,1,0,2
292,7,1,0,2
292,7,0,1,3
292,7,1,2,3
292,2,1,2,1
292,2,1,0,2
292,2,0,1,1
293,1,0,2,2
293,1,1,0,2
293,1,1,1,2
293,9,1,1,2
293,9,1,0,2
293,9,0,2,3
293,12,0,2,2
293,12,1,0,2
293,12,1,1,2
293,16,0,2,5
293,16,1,0,5
293,16,1,1,4
293,19,1,1,1
293,19,0,2,2
293,19,1,0,2
293,19,1,1,1
293,19,0,0,1
293,19,1,2,1
293,16,1,1,3
293,16,1,2,3
293,16,0,0,3
293,12,0,0,1
293,12,1,1,1
293,12,1,2,2
293,9,1,2,2
293,9,1,1,1
293,9,0,0,2
293,1,1,1,1
293,1,1,2,2
293,1,0,0,1
294,3,1,0,5
294,3,1,1,1
294,3,0,2,3
294,9,1,1,2
294,9,1,0,4
294,9,0,2,2
294,11,1,1,1
294,11,0,2,3
294,11,1,0,4
294,15,1,1,2
294,15,1,0,4
294,15,0,2,2
294,19,1,0,4
294,19,1,1,2
294,19,0,2,4
294,19,1,2,3
294,19,1,0,3
294,19,0,1,3
294,15,1,2,2
294,15,1,0,3
294,15,0,1,1
294,11,1,0,3
294,11,0,1,1
294,11,1,2,3
294,9,1,0,3
294,9,1,2,3
294,9,0,1,3
294,3,1,2,3
294,3,0,1,2
294,3,1,0,3
297,6,1,1,2
297,6,1,0,5
297,6,0,2,2
297,7,1,1,2
297,7,1,0,5
297,7,0,2,1
297,12,1,0,1
297,12,1,1,2
297,12,0,2,2
297,14,1,0,5
297,14,1,1,3
297,14,0,2,4
297,18,1,1,2
297,18,0,2,3
297,18,1,0,5
297,18,1,2,3
297,18,1,0,2
297,18,0,1,1
297,14,1,0,2
297,14,0,1,3
297,14,1,2,3
297,12,0,1,1
297,12,1,0,3
297,12,1,2,3
297,7,1,2,3
297,7,1,0,2
297,7,0,1,1
297,6,1,2,3
297,6,1,0,2
297,6,0,1,3
299,1,0,1,3
299,1,1,0,3
299,1,1,2,4
299,9,0,1,2
299,9,1,2,3
299,9,1,0,2
299,13,0,1,3
299,13,1,0,3
299,13,1,2,4
299,16,0,1,3
299,16,1,0,3
299,16,1,2,3
299,18,0,1,3
299,18,1,2,3
299,18,1,0,4
299,18,0,2,3
299,18,1,1,1
299,18,1,0,3
299,16,0,2,3
299,16,1,0,3
299,16,1,1,2
299,13,0,2,3
299,13,1,1,2
299,13,1,0,3
299,9,0,2,2
299,9,1,0,3
299,9,1,1,1
299,1,1,0,3
299,1,0,2,3
299,1,1,1,1
303,6,1,1,1
303,6,1,2,5
303,6,0,0,2
303,8,1,1,1
303,8,1,2,5
303,8,0,0,2
303,11,1,1,2
303,11,0,0,2
303,11,1,2,5
303,15,0,0,2
303,15,1,2,5
303,15,1,1,1
303,19,1,1,5
303,19,0,0,4
303,19,1,2,5
303,19,1,1,3
303,19,0,2,3
303,19,1,0,3
303,15,1,0,2
303,15,1,1,1
303,15,0,2,3
303,11,1,1,1
303,11,1,0,2
303,11,0,2,3
303,8,1,1,1
303,8,0,2,3
303,8,1,0,2
303,6,0,2,3
303,6,1,0,2
303,6,1,1,1
313,2,1,1,4
313,2,1,0,5
313,2,0,2,4
313,7,1,1,4
313,7,0,2,5
313,7,1,0,5
313,12,1,1,1
313,12,1,0,5
313,12,0,2,2
313,16,1,1,2
313,16,1,0,4
313,16,0,2,2
313,20,1,0,4
313,20,1,1,1
313,20,0,2,1
313,20,1,1,1
313,20,1,2,3
313,20,0,0,1
313,16,1,2,3
313,16,0,0,2
313,16,1,1,1
313,12,0,0,1
313,12,1,2,3
313,12,1,1,1
313,7,0,0,3
313,7,1,2,3
313,7,1,1,3
313,2,0,0,3
313,2,1,2,3
313,2,1,1,3
319,3,1,1,3
319,3,0,2,3
319,3,1,0,3
319,8,1,0,3
319,8,0,2,2
319,8,1,1,2
319,12,1,0,3
319,12,1,1,3
319,12,0,2,2
319,17,1,1,3
319,17,0,2,3
319,17,1,0,3
319,19,1,1,3
319,19,0,2,2
319,19,1,0,3
319,19,1,2,2
319,19,0,0,2
319,19,1,1,2
319,17,0,0,2
319,17,1,2,2
319,17,1,1,2
319,12,0,0,2
319,12,1,2,2
319,12,1,1,2
319,8,1,1,2
319,8,0,0,2
319,8,1,2,2
319,3,1,2,2
319,3,1,1,2
319,3,0,0,2
327,1,1,1,2
327,1,1,0,3
327,1,0,2,2
327,7,0,2,2
327,7,1,0,3
327,7,1,1,2
327,10,1,0,3
327,10,1,1,4
327,10,0,2,4
327,16,1,1,3
327,16,1,0,3
327,16,0,2,3
327,18,1,0,3
327,18,1,1,3
327,18,0,2,3
327,18,1,2,3
327,18,1,0,3
327,18,0,1,1
327,16,1,2,3
327,16,0,1,2
327,16,1,0,3
327,10,1,0,3
327,10,0,1,3
327,10,1,2,3
327,7,1,2,3
327,7,1,0,3
327,7,0,1,1
327,1,1,2,3
327,1,1,0,2
327,1,0,1,1
329,5,0,1,5
329,5,1,0,4
329,5,1,2,5
329,8,1,0,5
329,8,0,1,5
329,8,1,2,5
329,13,0,1,4
329,13,1,2,4
329,13,1,0,3
329,17,0,1,5
329,17,1,0,4
329,17,1,2,5
329,20,0,1,2
329,20,1,0,2
329,20,1,2,2
329,20,1,0,1
329,20,1,1,1
329,20,0,2,2
329,17,0,2,3
329,17,1,1,3
329,17,1,0,3
329,13,1,0,2
329,13,1,1,1
329,13,0,2,3
329,8,1,1,3
329,8,0,2,3
329,8,1,0,3
329,5,0,2,3
329,5,1,0,2
329,5,1,1,2
331,5,1,1,1
331,5,0,0,5
331,5,1,2,5
331,9,1,1,1
331,9,1,2,5
331,9,0,0,1
331,13,1,2,5
331,13,0,0,5
331,13,1,1,1
331,16,1,1,1
331,16,0,0,5
331,16,1,2,5
331,18,1,1,1
331,18,0,0,5
331,18,1,2,5
331,18,1,2,3
331,18,1,0,2
331,18,0,1,3
331,16,1,2,3
331,16,1,0,2
331,16,0,1,3
331,13,1,0,3
331,13,0,1,3
331,13,1,2,3
331,9,1,2,3
331,9,1,0,2
331,9,0,1,3
331,5,1,2,3
331,5,0,1,3
331,5,1,0,3
333,1,1,0,3
333,1,0,2,4
333,1,1,1,4
333,8,1,1,3
333,8,0,2,3
333,8,1,0,3
333,11,1,1,1
333,11,1,0,3
333,11,0,2,2
333,14,1,1,2
333,14,1,0,3
333,14,0,2,3
333,18,1,1,2
333,18,1,0,2
333,18,0,2,3
333,18,1,2,2
333,18,0,1,1
333,18,1,0,1
333,14,1,2,1
333,14,0,1,1
333,14,1,0,2
333,11,1,0,1
333,11,0,1,1
333,11,1,2,2
333,8,1,2,1
333,8,1,0,2
333,8,0,1,1
333,1,0,1,2
333,1,1,0,3
333,1,1,2,3
334,1,1,1,3
334,1,0,2,5
334,1,1,0,4
334,7,1,1,3
334,7,0,2,3
334,7,1,0,3
334,13,1,1,4
334,13,1,0,4
334,13,0,2,5
334,16,1,1,2
334,16,1,0,3
334,16,0,2,5
334,20,1,1,3
334,20,1,0,3
334,20,0,2,4
334,20,1,1,1
334,20,1,2,2
334,20,0,0,2
334,16,0,0,2
334,16,1,2,3
334,16,1,1,2
334,13,1,2,3
334,13,0,0,3
334,13,1,1,2
334,7,0,0,1
334,7,1,2,2
334,7,1,1,1
334,1,0,0,3
334,1,1,1,1
334,1,1,2,3
338,2,1,1,4
338,2,1,0,5
338,2,0,2,4
338,7,1,1,2
338,7,1,0,3
338,7,0,2,4
338,11,1,1,2
338,11,1,0,4
338,11,0,2,4
338,15,0,2,4
338,15,1,1,1
338,15,1,0,3
338,18,1,1,2
338,18,1,0,3
338,18,0,2,4
338,18,1,2,3
338,18,0,1,1
338,18,1,0,2
338,15,1,0,1
338,15,0,1,1
338,15,1,2,2
338,11,1,2,3
338,11,1,0,3
338,11,0,1,1
338,7,1,2,3
338,7,1,0,2
338,7,0,1,1
338,2,1,2,3
338,2,1,0,3
338,2,0,1,3
341,2,1,0,2
341,2,1,1,2
341,2,0,2,5
341,9,1,1,4
341,9,1,0,3
341,9,0,2,5
341,11,1,1,3
341,11,0,2,5
341,11,1,0,3
341,17,1,1,1
341,17,1,0,2
341,17,0,2,2
341,19,1,1,3
341,19,1,0,3
341,19,0,2,4
341,19,1,2,3
341,19,1,0,3
341,19,0,1,1
341,17,1,0,3
341,17,1,2,3
341,17,0,1,1
341,11,1,2,3
341,11,1,0,3
341,11,0,1,2
341,9,1,2,3
341,9,0,1,3
341,9,1,0,3
341,2,1,2,3
341,2,1,0,3
341,2,0,1,1
348,6,1,1,2
348,6,1,0,5
348,6,0,2,4
348,8,1,1,5
348,8,1,0,5
348,8,0,2,5
348,11,1,1,1
348,11,0,2,3
348,11,1,0,5
348,16,0,2,2
348,16,1,1,2
348,16,1,0,4
348,19,1,1,5
348,19,1,0,5
348,19,0,2,5
348,19,1,0,3
348,19,0,1,3
348,19,1,2,3
348,16,1,2,2
348,16,0,1,1
348,16,1,0,1
348,11,1,2,3
348,11,1,0,2
348,11,0,1,1
348,8,0,1,2
348,8,1,0,3
348,8,1,2,3
348,6,1,2,3
348,6,1,0,3
348,6,0,1,1
357,3,0,1,3
357,3,1,2,5
357,3,1,0,2
357,7,1,2,4
357,7,1,0,3
357,7,0,1,2
357,12,1,0,2
357,12,0,1,2
357,12,1,2,3
357,15,1,0,2
357,15,0,1,1
357,15,1,2,3
357,20,0,1,3
357,20,1,2,3
357,20,1,0,2
357,20,0,2,2
357,20,1,0,2
357,20,1,1,3
357,15,0,2,1
357,15,1,0,1
357,15,1,1,1
357,12,1,0,1
357,12,0,2,1
357,12,1,1,1
357,7,1,0,1
357,7,0,2,2
357,7,1,1,1
357,3,0,2,3
357,3,1,1,3
357,3,1,0,3
362,6,1,1,2
362,6,0,2,2
362,6,1,0,3
362,9,1,1,2
362,9,0,2,1
362,9,1,0,3
362,11,1,1,3
362,11,0,2,3
362,11,1,0,3
362,16,0,2,5
362,16,1,0,5
362,16,1,1,5
362,19,0,2,2
362,19,1,0,2
362,19,1,1,3
362,19,1,2,2
362,19,0,0,2
362,19,1,1,1
362,16,0,0,2
362,16,1,2,2
362,16,1,1,3
362,11,0,0,2
362,11,1,2,2
362,11,1,1,2
362,9,1,2,2
362,9,1,1,2
362,9,0,0,2
362,6,0,0,2
362,6,1,1,2
362,6,1,2,2
363,5,1,0,2
363,5,0,2,1
363,5,1,1,1
363,9,1,1,1
363,9,1,0,2
363,9,0,2,1
363,13,1,1,4
363,13,1,0,5
363,13,0,2,4
363,17,1,1,4
363,17,0,2,4
363,17,1,0,5
363,20,1,1,4
363,20,0,2,4
363,20,1,0,5
363,20,1,2,3
363,20,1,0,3
363,20,0,1,3
363,17,1,0,3
363,17,0,1,3
363,17,1,2,3
363,13,1,0,3
363,13,0,1,3
363,13,1,2,3
363,9,0,1,2
363,9,1,0,3
363,9,1,2,3
363,5,1,0,3
363,5,0,1,2
363,5,1,2,3
369,1,1,1,1
369,1,0,2,1
369,1,1,0,3
369,7,1,1,1
369,7,0,2,1
369,7,1,0,2
369,13,1,1,4
369,13,0,2,1
369,13,1,0,2
369,14,1,1,5
369,14,0,2,5
369,14,1,0,5
369,19,1,1,2
369,19,0,2,1
369,19,1,0,3
369,19,1,0,3
369,19,0,1,1
369,19,1,2,3
369,14,1,0,3
369,14,0,1,3
369,14,1,2,3
369,13,1,0,3
369,13,0,1,1
369,13,1,2,3
369,7,1,0,3
369,7,0,1,1
369,7,1,2,3
369,1,1,0,3
369,1,0,1,1
369,1,1,2,3
370,4,1,1,5
370,4,1,0,5
370,4,0,2,5
370,9,1,1,1
370,9,1,0,3
370,9,0,2,2
370,10,1,1,1
370,10,0,2,3
370,10,1,0,2
370,16,1,1,2
370,16,0,2,4
370,16,1,0,4
370,18,1,1,2
370,18,0,2,4
370,18,1,0,3
370,18,1,0,1
370,18,1,2,2
370,18,0,1,1
370,16,1,2,3
370,16,1,0,3
370,16,0,1,3
370,10,1,0,2
370,10,0,1,1
370,10,1,2,3
370,9,1,2,2
370,9,0,1,1
370,9,1,0,1
370,4,1,2,3
370,4,0,1,3
370,4,1,0,3
371,5,0,0,5
371,5,1,1,1
371,5,1,2,5
371,7,1,2,5
371,7,1,1,2
371,7,0,0,5
371,13,1,2,5
371,13,1,1,1
371,13,0,0,4
371,14,0,0,3
371,14,1,1,1
371,14,1,2,4
371,20,0,0,1
371,20,1,1,4
371,20,1,2,3
371,20,1,1,3
371,20,0,2,1
371,20,1,0,1
371,14,0,2,3
371,14,1,0,3
371,14,1,1,2
371,13,1,1,3
371,13,1,0,2
371,13,0,2,1
371,7,0,2,3
371,7,1,1,3
371,7,1,0,3
371,5,1,0,3
371,5,1,1,1
371,5,0,2,3
372,3,1,1,2
372,3,0,2,2
372,3,1,0,4
372,8,1,0,3
372,8,0,2,2
372,8,1,1,2
372,10,0,2,1
372,10,1,1,1
372,10,1,0,2
372,16,1,1,1
372,16,1,0,4
372,16,0,2,1
372,18,1,1,1
372,18,1,0,4
372,18,0,2,1
372,18,1,2,3
372,18,0,0,1
372,18,1,1,1
372,16,0,0,2
372,16,1,2,3
372,16,1,1,1
372,10,1,2,3
372,10,1,1,1
372,10,0,0,1
372,8,0,0,1
372,8,1,2,3
372,8,1,1,1
372,3,1,2,3
372,3,0,0,1
372,3,1,1,1
373,3,0,2,5
373,3,1,1,3
373,3,1,0,3
373,9,0,2,5
373,9,1,0,3
373,9,1,1,3
373,10,1,0,3
373,10,0,2,5
373,10,1,1,3
373,14,1,0,3
373,14,0,2,5
373,14,1,1,3
373,20,1,0,3
373,20,1,1,3
373,20,0,2,4
373,20,1,1,1
373,20,1,2,3
373,20,0,0,1
373,14,1,2,3
373,14,1,1,1
373,14,0,0,1
373,10,1,2,3
373,10,1,1,1
373,10,0,0,3
373,9,1,2,3
373,9,1,1,1
373,9,0,0,3
373,3,0,0,3
373,3,1,2,3
373,3,1,1,1
380,2,0,0,2
380,2,1,1,5
380,2,1,2,5
380,9,0,0,4
380,9,1,1,2
380,9,1,2,5
380,11,1,1,3
380,11,0,0,4
380,11,1,2,5
380,15,1,1,1
380,15,0,0,2
380,15,1,2,3
380,19,1,1,3
380,19,0,0,3
380,19,1,2,5
380,19,1,0,1
380,19,1,1,1
380,19,0,2,2
380,15,1,0,1
380,15,1,1,1
380,15,0,2,1
380,11,1,0,3
380,11,0,2,3
380,11,1,1,3
380,9,1,0,1
380,9,0,2,2
380,9,1,1,1
380,2,0,2,3
380,2,1,0,1
380,2,1,1,1
381,3,1,2,5
381,3,0,1,5
381,3,1,0,4
381,8,1,2,2
381,8,1,0,3
381,8,0,1,2
381,11,1,0,3
381,11,1,2,3
381,11,0,1,2
381,17,1,0,4
381,17,0,1,3
381,17,1,2,3
381,18,0,1,2
381,18,1,2,4
381,18,1,0,3
381,18,1,0,2
381,18,0,2,3
381,18,1,1,1
381,17,0,2,3
381,17,1,0,3
381,17,1,1,3
381,11,1,0,2
381,11,0,2,3
381,11,1,1,1
381,8,0,2,3
381,8,1,0,2
381,8,1,1,1
381,3,1,0,3
381,3,0,2,3
381,3,1,1,3
387,2,0,1,4
387,2,1,2,5
387,2,1,0,5
387,7,0,1,2
387,7,1,2,5
387,7,1,0,4
387,13,1,0,4
387,13,0,1,2
387,13,1,2,4
387,17,0,1,3
387,17,1,2,5
387,17,1,0,5
387,18,0,1,2
387,18,1,2,5
387,18,1,0,4
387,18,1,0,3
387,18,0,2,3
387,18,1,1,1
387,17,1,1,1
387,17,0,2,3
387,17,1,0,3
387,13,1,0,3
387,13,1,1,1
387,13,0,2,2
387,7,0,2,3
387,7,1,0,3
387,7,1,1,1
387,2,1,0,3
387,2,0,2,3
387,2,1,1,3
389,4,0,1,5
389,4,1,0,5
389,4,1,2,5
389,7,0,1,3
389,7,1,0,2
389,7,1,2,3
389,13,0,1,3
389,13,1,2,5
389,13,1,0,2
389,17,1,2,5
389,17,0,1,5
389,17,1,0,5
389,20,1,0,2
389,20,0,1,2
389,20,1,2,2
389,20,1,1,2
389,20,0,2,3
389,20,1,0,1
389,17,1,1,3
389,17,0,2,3
389,17,1,0,3
389,13,1,1,1
389,13,0,2,3
389,13,1,0,1
389,7,0,2,2
389,7,1,0,3
389,7,1,1,3
389,4,0,2,3
389,4,1,1,2
389,4,1,0,3
401,1,0,0,2
401,1,1,1,2
401,1,1,2,5
401,8,1,1,2
401,8,0,0,4
401,8,1,2,5
401,10,0,0,2
401,10,1,1,2
401,10,1,2,5
401,15,0,0,3
401,15,1,1,5
401,15,1,2,5
401,20,1,1,2
401,20,0,0,2
401,20,1,2,5
401,20,0,2,3
401,20,1,0,3
401,20,1,1,1
401,15,0,2,3
401,15,1,0,3
401,15,1,1,1
401,10,1,0,3
401,10,1,1,1
401,10,0,2,3
401,8,1,1,2
401,8,0,2,3
401,8,1,0,3
401,1,1,1,1
401,1,1,0,3
401,1,0,2,3
406,1,1,1,3
406,1,0,0,3
406,1,1,2,3
406,9,1,1,2
406,9,0,0,4
406,9,1,2,3
406,12,1,1,3
406,12,1,2,3
406,12,0,0,3
406,15,1,1,3
406,15,1,2,3
406,15,0,0,3
406,20,1,1,2
406,20,1,2,3
406,20,0,0,3
406,20,1,0,2
406,20,0,2,2
406,20,1,1,2
406,15,0,2,2
406,15,1,1,2
406,15,1,0,2
406,12,0,2,2
406,12,1,0,2
406,12,1,1,2
406,9,0,2,2
406,9,1,1,2
406,9,1,0,2
406,1,0,2,2
406,1,1,1,2
406,1,1,0,2
407,2,1,0,3
407,2,1,1,2
407,2,0,2,3
407,7,1,0,5
407,7,1,1,4
407,7,0,2,4
407,11,1,1,1
407,11,1,0,3
407,11,0,2,4
407,14,1,1,2
407,14,1,0,3
407,14,0,2,3
407,19,1,0,4
407,19,1,1,4
407,19,0,2,4
407,19,0,0,3
407,19,1,1,3
407,19,1,2,3
407,14,0,0,2
407,14,1,2,3
407,14,1,1,1
407,11,1,2,3
407,11,0,0,2
407,11,1,1,1
407,7,0,0,3
407,7,1,1,3
407,7,1,2,3
407,2,1,2,3
407,2,0,0,3
407,2,1,1,1
410,2,1,1,5
410,2,0,2,5
410,2,1,0,5
410,9,1,0,2
410,9,0,2,4
410,9,1,1,1
410,10,1,1,4
410,10,0,2,5
410,10,1,0,5
410,14,1,1,2
410,14,1,0,3
410,14,0,2,3
410,18,1,1,1
410,18,1,0,2
410,18,0,2,3
410,18,0,0,1
410,18,1,1,1
410,18,1,2,1
410,14,0,0,2
410,14,1,2,3
410,14,1,1,2
410,10,1,2,3
410,10,1,1,3
410,10,0,0,3
410,9,0,0,1
410,9,1,2,2
410,9,1,1,1
410,2,1,2,3
410,2,0,0,3
410,2,1,1,3
412,6,0,1,2
412,6,1,2,4
412,6,1,0,2
412,7,0,1,2
412,7,1,2,5
412,7,1,0,4
412,12,0,1,3
412,12,1,2,4
412,12,1,0,3
412,14,0,1,3
412,14,1,2,4
412,14,1,0,3
412,18,0,1,2
412,18,1,2,4
412,18,1,0,3
412,18,0,2,3
412,18,1,0,3
412,18,1,1,3
412,14,1,0,3
412,14,0,2,3
412,14,1,1,3
412,12,1,0,3
412,12,0,2,3
412,12,1,1,3
412,7,1,0,3
412,7,1,1,3
412,7,0,2,3
412,6,1,0,3
412,6,1,1,3
412,6,0,2,3
414,3,1,0,4
414,3,1,1,1
414,3,0,2,1
414,9,1,0,4
414,9,1,1,1
414,9,0,2,2
414,13,1,1,1
414,13,1,0,1
414,13,0,2,2
414,16,1,0,4
414,16,1,1,1
414,16,0,2,1
414,20,1,0,4
414,20,1,1,3
414,20,0,2,3
414,20,1,2,3
414,20,0,0,3
414,20,1,1,3
414,16,1,1,1
414,16,1,2,3
414,16,0,0,1
414,13,1,1,1
414,13,0,0,1
414,13,1,2,3
414,9,1,2,3
414,9,1,1,1
414,9,0,0,1
414,3,1,2,3
414,3,0,0,1
414,3,1,1,3
419,1,0,2,5
419,1,1,0,5
419,1,1,1,5
419,9,1,1,2
419,9,0,2,2
419,9,1,0,3
419,10,0,2,3
419,10,1,0,3
419,10,1,1,3
419,15,0,2,2
419,15,1,0,4
419,15,1,1,3
419,20,1,1,1
419,20,1,0,2
419,20,0,2,1
419,20,1,2,1
419,20,1,0,1
419,20,0,1,1
419,15,1,2,3
419,15,1,0,2
419,15,0,1,3
419,10,1,2,3
419,10,1,0,2
419,10,0,1,2
419,9,1,0,1
419,9,1,2,3
419,9,0,1,2
419,1,1,2,3
419,1,1,0,3
419,1,0,1,3
420,4,1,1,4
420,4,1,0,4
420,4,0,2,5
420,8,0,2,5
420,8,1,1,5
420,8,1,0,5
420,12,1,0,2
420,12,0,2,2
420,12,1,1,1
420,17,1,0,2
420,17,0,2,1
420,17,1,1,1
420,19,1,0,3
420,19,1,1,2
420,19,0,2,2
420,19,0,0,1
420,19,1,1,1
420,19,1,2,1
420,17,1,2,2
420,17,1,1,1
420,17,0,0,1
420,12,1,2,3
420,12,0,0,1
420,12,1,1,1
420,8,0,0,3
420,8,1,2,3
420,8,1,1,2
420,4,1,2,3
420,4,1,1,1
420,4,0,0,3
421,1,1,2,5
421,1,0,1,3
421,1,1,0,3
421,7,0,1,3
421,7,1,0,1
421,7,1,2,2
421,11,1,2,5
421,11,0,1,2
421,11,1,0,2
421,17,0,1,4
421,17,1,2,5
421,17,1,0,5
421,18,0,1,2
421,18,1,0,2
421,18,1,2,2
421,18,0,2,1
421,18,1,0,2
421,18,1,1,1
421,17,1,1,2
421,17,0,2,2
421,17,1,0,3
421,11,1,0,1
421,11,0,2,1
421,11,1,1,1
421,7,0,2,1
421,7,1,0,1
421,7,1,1,1
421,1,0,2,3
421,1,1,1,1
421,1,1,0,3
422,2,0,0,1
422,2,1,1,1
422,2,1,2,4
422,9,1,1,5
422,9,0,0,4
422,9,1,2,2
422,11,1,1,2
422,11,0,0,2
422,11,1,2,4
422,17,0,0,2
422,17,1,2,2
422,17,1,1,5
422,19,0,0,4
422,19,1,1,2
422,19,1,2,5
422,19,1,0,3
422,19,1,1,1
422,19,0,2,3
422,17,0,2,1
422,17,1,0,1
422,17,1,1,3
422,11,1,0,2
422,11,0,2,3
422,11,1,1,1
422,9,1,1,1
422,9,0,2,1
422,9,1,0,2
422,2,0,2,3
422,2,1,0,2
422,2,1,1,1
449,5,0,0,1
449,5,1,1,1
449,5,1,2,5
449,7,1,1,1
449,7,0,0,2
449,7,1,2,2
449,11,1,1,1
449,11,1,2,5
449,11,0,0,3
449,16,1,2,4
449,16,1,1,3
449,16,0,0,4
449,18,0,0,1
449,18,1,1,1
449,18,1,2,5
449,18,1,1,1
449,18,0,2,3
449,18,1,0,1
449,16,1,1,3
449,16,0,2,2
449,16,1,0,2
449,11,1,0,1
449,11,0,2,1
449,11,1,1,1
449,7,0,2,2
449,7,1,0,1
449,7,1,1,2
449,5,0,2,1
449,5,1,0,1
449,5,1,1,1
451,2,1,0,4
451,2,1,1,1
451,2,0,2,5
451,8,1,1,2
451,8,0,2,3
451,8,1,0,2
451,13,1,0,2
451,13,1,1,2
451,13,0,2,3
451,16,1,0,4
451,16,1,1,1
451,16,0,2,5
451,19,1,0,4
451,19,1,1,4
451,19,0,2,5
451,19,1,2,3
451,19,1,0,3
451,19,0,1,3
451,16,0,1,1
451,16,1,2,3
451,16,1,0,1
451,13,1,0,1
451,13,1,2,3
451,13,0,1,1
451,8,1,0,1
451,8,0,1,3
451,8,1,2,3
451,2,0,1,1
451,2,1,2,3
451,2,1,0,3
455,3,1,1,1
455,3,1,0,4
455,3,0,2,2
455,9,1,1,2
455,9,1,0,3
455,9,0,2,2
455,13,1,1,2
455,13,0,2,3
455,13,1,0,3
455,14,1,1,3
455,14,0,2,1
455,14,1,0,4
455,18,1,1,1
455,18,1,0,2
455,18,0,2,2
455,18,1,1,1
455,18,1,2,3
455,18,0,0,2
455,14,0,0,3
455,14,1,2,3
455,14,1,1,2
455,13,1,1,1
455,13,1,2,3
455,13,0,0,1
455,9,0,0,1
455,9,1,2,3
455,9,1,1,1
455,3,0,0,3
455,3,1,2,3
455,3,1,1,1
457,5,0,0,1
457,5,1,1,1
457,5,1,2,5
457,8,1,2,2
457,8,1,1,4
457,8,0,0,4
457,10,0,0,3
457,10,1,2,5
457,10,1,1,2
457,17,0,0,4
457,17,1,1,3
457,17,1,2,5
457,19,0,0,3
457,19,1,1,4
457,19,1,2,2
457,19,0,2,1
457,19,1,1,2
457,19,1,0,1
457,17,1,0,3
457,17,0,2,3
457,17,1,1,3
457,10,0,2,3
457,10,1,1,1
457,10,1,0,2
457,8,1,0,1
457,8,1,1,1
457,8,0,2,1
457,5,1,0,1
457,5,1,1,1
457,5,0,2,3
458,5,1,1,5
458,5,0,0,3
458,5,1,2,5
458,7,1,1,4
458,7,0,0,3
458,7,1,2,5
458,11,1,2,5
458,11,0,0,3
458,11,1,1,2
458,14,1,2,2
458,14,0,0,1
458,14,1,1,2
458,18,1,1,3
458,18,1,2,5
458,18,0,0,4
458,18,1,2,2
458,18,1,0,2
458,18,0,1,2
458,14,1,0,1
458,14,1,2,1
458,14,0,1,1
458,11,1,0,3
458,11,0,1,2
458,11,1,2,2
458,7,1,0,3
458,7,0,1,3
458,7,1,2,3
458,5,1,0,2
458,5,0,1,3
458,5,1,2,3
466,1,1,2,5
466,1,0,0,4
466,1,1,1,2
466,7,1,2,5
466,7,0,0,5
466,7,1,1,3
466,12,1,1,2
466,12,1,2,5
466,12,0,0,5
466,16,1,1,4
466,16,0,0,5
466,16,1,2,5
466,20,0,0,4
466,20,1,1,3
466,20,1,2,5
466,20,0,2,3
466,20,1,0,3
466,20,1,1,3
466,16,0,2,3
466,16,1,0,3
466,16,1,1,2
466,12,0,2,3
466,12,1,1,2
466,12,1,0,3
466,7,0,2,3
466,7,1,0,3
466,7,1,1,2
466,1,1,0,3
466,1,0,2,3
466,1,1,1,2
467,4,1,0,3
467,4,0,1,1
467,4,1,2,4
467,8,1,0,3
467,8,0,1,3
467,8,1,2,4
467,13,1,0,4
467,13,0,1,2
467,13,1,2,4
467,17,1,0,3
467,17,0,1,3
467,17,1,2,5
467,19,1,0,3
467,19,0,1,2
467,19,1,2,4
467,19,0,2,2
467,19,1,1,2
467,19,1,0,2
467,17,0,2,2
467,17,1,0,2
467,17,1,1,1
467,13,1,1,2
467,13,0,2,2
467,13,1,0,2
467,8,0,2,2
467,8,1,1,2
467,8,1,0,2
467,4,1,0,2
467,4,0,2,2
467,4,1,1,1
469,3,0,1,3
469,3,1,2,4
469,3,1,0,4
469,7,1,2,4
469,7,0,1,3
469,7,1,0,4
469,13,1,2,4
469,13,1,0,4
469,13,0,1,2
469,16,1,0,4
469,16,0,1,3
469,16,1,2,4
469,18,0,1,2
469,18,1,0,4
469,18,1,2,4
469,18,1,1,1
469,18,0,2,3
469,18,1,0,2
469,16,1,1,1
469,16,0,2,3
469,16,1,0,2
469,13,0,2,3
469,13,1,1,1
469,13,1,0,2
469,7,0,2,3
469,7,1,1,2
469,7,1,0,2
469,3,1,1,2
469,3,0,2,3
469,3,1,0,3
471,6,1,1,2
471,6,0,0,2
471,6,1,2,3
471,8,0,0,2
471,8,1,1,2
471,8,1,2,3
471,12,1,1,2
471,12,0,0,3
471,12,1,2,3
471,15,1,1,2
471,15,0,0,4
471,15,1,2,3
471,19,1,1,2
471,19,1,2,4
471,19,0,0,4
471,19,1,0,2
471,19,1,2,2
471,19,0,1,3
471,15,0,1,2
471,15,1,2,3
471,15,1,0,2
471,12,1,0,2
471,12,1,2,3
471,12,0,1,3
471,8,1,2,1
471,8,0,1,1
471,8,1,0,1
471,6,1,2,2
471,6,0,1,1
471,6,1,0,1
474,1,1,1,5
474,1,0,0,4
474,1,1,2,5
474,7,1,1,1
474,7,0,0,2
474,7,1,2,4
474,10,1,1,3
474,10,0,0,2
474,10,1,2,5
474,14,0,0,1
474,14,1,2,4
474,14,1,1,1
474,18,0,0,1
474,18,1,2,1
474,18,1,1,1
474,18,0,2,1
474,18,1,0,1
474,18,1,1,1
474,14,0,2,2
474,14,1,1,1
474,14,1,0,2
474,10,1,0,2
474,10,1,1,2
474,10,0,2,2
474,7,0,2,1
474,7,1,1,1
474,7,1,0,1
474,1,1,1,3
474,1,0,2,3
474,1,1,0,3
487,6,0,1,3
487,6,1,0,2
487,6,1,2,5
487,8,0,1,3
487,8,1,2,5
487,8,1,0,2
487,10,1,0,3
487,10,0,1,1
487,10,1,2,5
487,17,0,1,1
487,17,1,0,2
487,17,1,2,5
487,20,0,1,1
487,20,1,0,2
487,20,1,2,5
487,20,0,2,3
487,20,1,0,3
487,20,1,1,2
487,17,1,0,1
487,17,1,1,1
487,17,0,2,1
487,10,1,1,1
487,10,1,0,3
487,10,0,2,1
487,8,0,2,2
487,8,1,0,3
487,8,1,1,2
487,6,1,0,3
487,6,1,1,1
487,6,0,2,1
488,4,0,1,3
488,4,1,2,3
488,4,1,0,3
488,9,1,0,3
488,9,0,1,3
488,9,1,2,4
488,11,0,1,3
488,11,1,2,4
488,11,1,0,3
488,14,0,1,4
488,14,1,2,4
488,14,1,0,3
488,19,0,1,3
488,19,1,0,3
488,19,1,2,3
488,19,0,0,3
488,19,1,2,2
488,19,1,1,2
488,14,0,0,2
488,14,1,2,2
488,14,1,1,2
488,11,0,0,2
488,11,1,1,2
488,11,1,2,2
488,9,1,1,2
488,9,1,2,2
488,9,0,0,2
488,4,0,0,2
488,4,1,2,2
488,4,1,1,2
489,4,0,0,3
489,4,1,1,2
489,4,1,2,2
489,7,0,0,4
489,7,1,1,3
489,7,1,2,3
489,10,0,0,3
489,10,1,1,3
489,10,1,2,3
489,17,0,0,3
489,17,1,1,3
489,17,1,2,3
489,19,0,0,3
489,19,1,1,3
489,19,1,2,3
489,19,1,0,3
489,19,1,2,3
489,19,0,1,3
489,17,1,2,1
489,17,1,0,3
489,17,0,1,1
489,10,1,0,3
489,10,0,1,1
489,10,1,2,2
489,7,1,0,3
489,7,1,2,3
489,7,0,1,3
489,4,1,2,1
489,4,0,1,1
489,4,1,0,3
492,3,1,0,4
492,3,1,2,4
492,3,0,1,4
492,7,1,0,4
492,7,1,2,4
492,7,0,1,4
492,12,0,1,3
492,12,1,0,3
492,12,1,2,3
492,14,0,1,2
492,14,1,0,3
492,14,1,2,3
492,20,1,0,2
492,20,0,1,3
492,20,1,2,3
492,20,0,2,3
492,20,1,0,1
492,20,1,1,1
492,14,1,0,2
492,14,0,2,3
492,14,1,1,2
492,12,1,1,1
492,12,1,0,1
492,12,0,2,3
492,7,0,2,3
492,7,1,1,3
492,7,1,0,3
492,3,0,2,3
492,3,1,0,3
492,3,1,1,3
493,3,1,2,4
493,3,0,1,2
493,3,1,0,2
493,7,1,2,5
493,7,0,1,4
493,7,1,0,4
493,10,1,0,4
493,10,0,1,4
493,10,1,2,4
493,17,0,1,2
493,17,1,2,5
493,17,1,0,3
493,18,1,2,2
493,18,0,1,2
493,18,1,0,2
493,18,0,2,1
493,18,1,0,1
493,18,1,1,1
493,17,0,2,3
493,17,1,0,3
493,17,1,1,1
493,10,0,2,3
493,10,1,0,3
493,10,1,1,1
493,7,1,0,3
493,7,1,1,3
493,7,0,2,3
493,3,1,1,1
493,3,0,2,3
493,3,1,0,2
494,6,0,0,1
494,6,1,1,2
494,6,1,2,4
494,7,0,0,4
494,7,1,1,2
494,7,1,2,5
494,10,1,1,1
494,10,1,2,5
494,10,0,0,2
494,15,1,1,4
494,15,0,0,2
494,15,1,2,2
494,20,1,1,4
494,20,0,0,3
494,20,1,2,2
494,20,1,0,1
494,20,1,1,1
494,20,0,2,2
494,15,1,0,2
494,15,1,1,2
494,15,0,2,2
494,10,1,1,1
494,10,0,2,3
494,10,1,0,1
494,7,1,0,3
494,7,0,2,1
494,7,1,1,3
494,6,1,0,1
494,6,1,1,1
494,6,0,2,3
495,6,0,2,5
495,6,1,0,4
495,6,1,1,4
495,9,1,1,2
495,9,0,2,3
495,9,1,0,3
495,10,1,0,4
495,10,0,2,4
495,10,1,1,4
495,17,1,1,1
495,17,1,0,2
495,17,0,2,1
495,18,0,2,2
495,18,1,0,3
495,18,1,1,1
495,18,1,2,3
495,18,1,0,2
495,18,0,1,3
495,17,1,0,3
495,17,0,1,3
495,17,1,2,3
495,10,1,2,3
495,10,0,1,3
495,10,1,0,3
495,9,0,1,3
495,9,1,2,3
495,9,1,0,3
495,6,1,0,3
495,6,1,2,3
495,6,0,1,3
496,5,1,0,4
496,5,1,1,1
496,5,0,2,4
496,8,1,1,1
496,8,1,0,3
496,8,0,2,3
496,10,1,1,3
496,10,1,0,4
496,10,0,2,3
496,15,1,1,1
496,15,1,0,3
496,15,0,2,4
496,18,1,1,2
496,18,1,0,4
496,18,0,2,3
496,18,0,0,2
496,18,1,1,1
496,18,1,2,3
496,15,1,2,3
496,15,1,1,1
496,15,0,0,2
496,10,0,0,1
496,10,1,2,3
496,10,1,1,1
496,8,0,0,1
496,8,1,1,3
496,8,1,2,3
496,5,1,2,3
496,5,0,0,2
496,5,1,1,1
502,4,1,1,1
502,4,0,2,2
502,4,1,0,5
502,7,1,0,5
502,7,1,1,1
502,7,0,2,2
502,10,1,1,1
502,10,1,0,1
502,10,0,2,2
502,17,1,1,1
502,17,1,0,5
502,17,0,2,2
502,19,1,1,1
502,19,1,0,3
502,19,0,2,2
502,19,1,2,3
502,19,1,1,3
502,19,0,0,3
502,17,0,0,3
502,17,1,1,3
502,17,1,2,3
502,10,1,1,3
502,10,1,2,3
502,10,0,0,3
502,7,1,2,3
502,7,1,1,1
502,7,0,0,3
502,4,0,0,3
502,4,1,2,3
502,4,1,1,3
504,5,0,1,1
504,5,1,0,3
504,5,1,2,5
504,9,0,1,5
504,9,1,0,5
504,9,1,2,5
504,11,0,1,2
504,11,1,0,4
504,11,1,2,5
504,15,0,1,2
504,15,1,0,2
504,15,1,2,4
504,20,0,1,4
504,20,1,2,3
504,20,1,0,3
504,20,1,0,1
504,20,0,2,1
504,20,1,1,3
504,15,0,2,3
504,15,1,1,2
504,15,1,0,1
504,11,0,2,3
504,11,1,0,3
504,11,1,1,1
504,9,1,0,3
504,9,0,2,3
504,9,1,1,3
504,5,1,0,2
504,5,0,2,3
504,5,1,1,1
505,4,1,1,5
505,4,1,0,5
505,4,0,2,5
505,8,1,1,1
505,8,1,0,5
505,8,0,2,5
505,13,1,1,3
505,13,1,0,5
505,13,0,2,5
505,16,1,1,5
505,16,1,0,5
505,16,0,2,5
505,20,1,1,1
505,20,1,0,5
505,20,0,2,3
505,20,1,0,3
505,20,1,2,3
505,20,0,1,1
505,16,0,1,3
505,16,1,2,3
505,16,1,0,3
505,13,1,0,3
505,13,1,2,3
505,13,0,1,3
505,8,1,2,3
505,8,0,1,1
505,8,1,0,3
505,4,1,2,3
505,4,1,0,3
505,4,0,1,3
508,3,0,0,4
508,3,1,1,2
508,3,1,2,5
508,7,1,1,1
508,7,0,0,4
508,7,1,2,5
508,10,1,1,5
508,10,0,0,4
508,10,1,2,5
508,15,1,1,1
508,15,1,2,5
508,15,0,0,4
508,19,1,1,5
508,19,0,0,4
508,19,1,2,5
508,19,1,2,3
508,19,0,1,3
508,19,1,0,3
508,15,1,0,2
508,15,1,2,3
508,15,0,1,1
508,10,0,1,1
508,10,1,2,3
508,10,1,0,1
508,7,1,2,3
508,7,1,0,1
508,7,0,1,1
508,3,1,2,3
508,3,1,0,3
508,3,0,1,1
511,4,1,1,4
511,4,0,0,4
511,4,1,2,5
511,7,1,1,1
511,7,0,0,2
511,7,1,2,2
511,10,1,2,5
511,10,0,0,4
511,10,1,1,4
511,15,1,1,2
511,15,1,2,4
511,15,0,0,2
511,18,1,1,2
511,18,0,0,4
511,18,1,2,5
511,18,1,0,1
511,18,0,1,1
511,18,1,2,1
511,15,1,0,2
511,15,1,2,2
511,15,0,1,1
511,10,1,0,3
511,10,1,2,1
511,10,0,1,3
511,7,0,1,1
511,7,1,0,1
511,7,1,2,1
511,4,1,2,3
511,4,0,1,3
511,4,1,0,3
519,5,1,2,5
519,5,0,0,1
519,5,1,1,2
519,8,1,2,5
519,8,0,0,3
519,8,1,1,3
519,12,1,1,2
519,12,0,0,1
519,12,1,2,5
519,14,0,0,4
519,14,1,1,2
519,14,1,2,5
519,18,1,2,5
519,18,0,0,3
519,18,1,1,2
519,18,0,2,3
519,18,1,0,3
519,18,1,1,1
519,14,1,0,3
519,14,0,2,3
519,14,1,1,3
519,12,0,2,3
519,12,1,0,3
519,12,1,1,1
519,8,0,2,3
519,8,1,0,3
519,8,1,1,1
519,5,0,2,3
519,5,1,0,2
519,5,1,1,3
521,2,1,0,5
521,2,1,1,4
521,2,0,2,4
521,9,0,2,4
521,9,1,1,2
521,9,1,0,3
521,13,0,2,2
521,13,1,0,3
521,13,1,1,3
521,15,1,0,3
521,15,1,1,2
521,15,0,2,1
521,20,1,1,4
521,20,1,0,3
521,20,0,2,4
521,20,1,0,1
521,20,0,1,1
521,20,1,2,2
521,15,1,2,3
521,15,0,1,1
521,15,1,0,2
521,13,1,2,1
521,13,0,1,1
521,13,1,0,1
521,9,0,1,1
521,9,1,2,3
521,9,1,0,1
521,2,0,1,1
521,2,1,2,3
521,2,1,0,2
522,1,0,1,1
522,1,1,2,5
522,1,1,0,2
522,9,0,1,1
522,9,1,0,2
522,9,1,2,4
522,10,1,0,2
522,10,0,1,1
522,10,1,2,4
522,14,1,0,4
522,14,0,1,3
522,14,1,2,4
522,19,0,1,2
522,19,1,0,2
522,19,1,2,4
522,19,0,2,3
522,19,1,1,1
522,19,1,0,1
522,14,0,2,3
522,14,1,0,3
522,14,1,1,2
522,10,0,2,3
522,10,1,0,1
522,10,1,1,1
522,9,1,0,1
522,9,0,2,3
522,9,1,1,3
522,1,1,0,1
522,1,0,2,3
522,1,1,1,1
530,2,0,1,4
530,2,1,2,5
530,2,1,0,4
530,7,1,2,5
530,7,1,0,3
530,7,0,1,2
530,11,1,0,3
530,11,0,1,3
530,11,1,2,5
530,16,0,1,2
530,16,1,0,3
530,16,1,2,5
530,19,1,2,2
530,19,0,1,4
530,19,1,0,3
530,19,1,0,3
530,19,0,2,3
530,19,1,1,2
530,16,1,0,3
530,16,0,2,3
530,16,1,1,2
530,11,1,0,2
530,11,0,2,3
530,11,1,1,1
530,7,0,2,3
530,7,1,0,3
530,7,1,1,1
530,2,1,1,3
530,2,0,2,3
530,2,1,0,3
532,4,1,2,4
532,4,1,0,3
532,4,0,1,2
532,7,0,1,3
532,7,1,2,4
532,7,1,0,3
532,12,0,1,2
532,12,1,2,2
532,12,1,0,3
532,16,0,1,2
532,16,1,2,5
532,16,1,0,3
532,18,0,1,4
532,18,1,2,4
532,18,1,0,3
532,18,1,0,2
532,18,1,1,2
532,18,0,2,3
532,16,1,0,2
532,16,1,1,2
532,16,0,2,3
532,12,1,1,2
532,12,0,2,1
532,12,1,0,2
532,7,0,2,2
532,7,1,0,2
532,7,1,1,2
532,4,1,0,2
532,4,0,2,2
532,4,1,1,2
537,2,1,0,4
537,2,1,1,1
537,2,0,2,2
537,7,1,0,4
537,7,1,1,2
537,7,0,2,2
537,12,1,1,1
537,12,0,2,2
537,12,1,0,4
537,17,1,1,2
537,17,0,2,3
537,17,1,0,4
537,20,1,0,3
537,20,1,1,5
537,20,0,2,4
537,20,1,2,3
537,20,0,0,3
537,20,1,1,3
537,17,1,2,1
537,17,0,0,1
537,17,1,1,1
537,12,1,2,1
537,12,0,0,1
537,12,1,1,1
537,7,1,2,1
537,7,0,0,2
537,7,1,1,1
537,2,1,2,3
537,2,0,0,1
537,2,1,1,1
538,6,0,0,5
538,6,1,1,1
538,6,1,2,5
538,7,0,0,4
538,7,1,1,5
538,7,1,2,5
538,13,0,0,2
538,13,1,1,2
538,13,1,2,3
538,15,1,1,2
538,15,0,0,4
538,15,1,2,5
538,20,0,0,1
538,20,1,1,4
538,20,1,2,2
538,20,1,2,1
538,20,1,0,1
538,20,0,1,1
538,15,1,0,2
538,15,1,2,1
538,15,0,1,1
538,13,0,1,1
538,13,1,0,1
538,13,1,2,2
538,7,0,1,1
538,7,1,2,2
538,7,1,0,2
538,6,1,0,2
538,6,0,1,1
538,6,1,2,3
539,1,0,0,3
539,1,1,1,2
539,1,1,2,2
539,8,1,1,1
539,8,1,2,1
539,8,0,0,1
539,10,1,1,4
539,10,0,0,3
539,10,1,2,4
539,15,1,1,2
539,15,0,0,5
539,15,1,2,5
539,20,1,1,2
539,20,1,2,2
539,20,0,0,2
539,20,0,2,1
539,20,1,1,1
539,20,1,0,2
539,15,0,2,3
539,15,1,1,1
539,15,1,0,3
539,10,0,2,2
539,10,1,1,1
539,10,1,0,3
539,8,0,2,1
539,8,1,0,3
539,8,1,1,1
539,1,1,1,2
539,1,1,0,3
539,1,0,2,2
544,2,1,1,3
544,2,0,0,3
544,2,1,2,2
544,9,1,1,3
544,9,0,0,4
544,9,1,2,4
544,11,1,2,2
544,11,1,1,1
544,11,0,0,1
544,17,1,2,4
544,17,1,1,4
544,17,0,0,4
544,19,1,1,3
544,19,0,0,3
544,19,1,2,4
544,19,1,0,3
544,19,0,2,3
544,19,1,1,3
544,17,0,2,3
544,17,1,1,3
544,17,1,0,3
544,11,0,2,3
544,11,1,0,3
544,11,1,1,3
544,9,0,2,3
544,9,1,0,3
544,9,1,1,3
544,2,1,1,3
544,2,0,2,3
544,2,1,0,3
547,1,1,1,2
547,1,0,2,3
547,1,1,0,3
547,7,1,1,2
547,7,0,2,3
547,7,1,0,3
547,12,1,1,2
547,12,0,2,2
547,12,1,0,3
547,17,1,1,2
547,17,1,0,3
547,17,0,2,2
547,19,1,1,1
547,19,1,0,1
547,19,0,2,1
547,19,1,2,2
547,19,0,0,1
547,19,1,1,1
547,17,1,2,1
547,17,0,0,2
547,17,1,1,1
547,12,1,2,1
547,12,0,0,2
547,12,1,1,1
547,7,1,1,3
547,7,1,2,1
547,7,0,0,2
547,1,1,2,1
547,1,1,1,1
547,1,0,0,2
556,6,1,1,2
556,6,0,0,3
556,6,1,2,4
556,7,0,0,2
556,7,1,1,4
556,7,1,2,4
556,12,1,1,4
556,12,1,2,2
556,12,0,0,2
556,16,1,1,3
556,16,0,0,3
556,16,1,2,4
556,20,1,1,2
556,20,0,0,2
556,20,1,2,3
556,20,1,0,3
556,20,1,1,3
556,20,0,2,3
556,16,1,0,3
556,16,1,1,3
556,16,0,2,3
556,12,0,2,3
556,12,1,0,3
556,12,1,1,3
556,7,0,2,3
556,7,1,0,3
556,7,1,1,3
556,6,1,0,3
556,6,1,1,3
556,6,0,2,3
562,5,1,2,5
562,5,0,0,2
562,5,1,1,1
562,8,1,2,2
562,8,0,0,1
562,8,1,1,2
562,12,0,0,3
562,12,1,2,2
562,12,1,1,3
562,14,1,1,2
562,14,0,0,2
562,14,1,2,2
562,19,1,2,5
562,19,0,0,2
562,19,1,1,1
562,19,1,0,3
562,19,0,2,3
562,19,1,1,1
562,14,1,0,3
562,14,0,2,2
562,14,1,1,2
562,12,1,1,3
562,12,0,2,3
562,12,1,0,1
562,8,1,0,1
562,8,0,2,3
562,8,1,1,1
562,5,1,0,3
562,5,0,2,3
562,5,1,1,1
573,5,0,0,2
573,5,1,1,1
573,5,1,2,4
573,9,1,2,2
573,9,1,1,1
573,9,0,0,2
573,12,1,2,3
573,12,0,0,2
573,12,1,1,1
573,15,0,0,4
573,15,1,2,3
573,15,1,1,5
573,20,0,0,4
573,20,1,1,5
573,20,1,2,2
573,20,1,2,2
573,20,1,0,3
573,20,0,1,2
573,15,0,1,3
573,15,1,2,1
573,15,1,0,3
573,12,0,1,1
573,12,1,2,1
573,12,1,0,3
573,9,0,1,1
573,9,1,2,1
573,9,1,0,3
573,5,1,2,1
573,5,1,0,3
573,5,0,1,1
577,2,1,1,5
577,2,0,0,3
577,2,1,2,5
577,8,1,1,4
577,8,0,0,5
577,8,1,2,5
577,10,0,0,2
577,10,1,1,1
577,10,1,2,5
577,14,0,0,2
577,14,1,1,1
577,14,1,2,5
577,18,0,0,5
577,18,1,1,4
577,18,1,2,5
577,18,1,0,3
577,18,1,1,3
577,18,0,2,3
577,14,0,2,2
577,14,1,1,1
577,14,1,0,2
577,10,0,2,1
577,10,1,0,2
577,10,1,1,1
577,8,1,0,3
577,8,1,1,3
577,8,0,2,3
577,2,1,1,1
577,2,0,2,1
577,2,1,0,1
585,3,1,2,5
585,3,0,1,2
585,3,1,0,3
585,9,1,2,2
585,9,0,1,3
585,9,1,0,2
585,11,1,0,4
585,11,0,1,4
585,11,1,2,5
585,14,0,1,4
585,14,1,2,2
585,14,1,0,4
585,20,0,1,4
585,20,1,2,4
585,20,1,0,2
585,20,1,2,1
585,20,1,1,3
585,20,0,0,1
585,14,1,2,2
585,14,0,0,2
585,14,1,1,3
585,11,0,0,3
585,11,1,2,3
585,11,1,1,3
585,9,0,0,2
585,9,1,2,1
585,9,1,1,3
585,3,1,2,3
585,3,1,1,1
585,3,0,0,3
591,6,1,1,1
591,6,0,0,3
591,6,1,2,5
591,8,1,1,2
591,8,0,0,3
591,8,1,2,5
591,11,1,2,5
591,11,1,1,2
591,11,0,0,4
591,14,1,1,2
591,14,1,2,5
591,14,0,0,3
591,20,1,1,2
591,20,1,2,4
591,20,0,0,2
591,20,0,2,1
591,20,1,0,2
591,20,1,1,2
591,14,1,0,2
591,14,0,2,3
591,14,1,1,2
591,11,0,2,2
591,11,1,1,2
591,11,1,0,2
591,8,0,2,2
591,8,1,1,1
591,8,1,0,3
591,6,1,0,3
591,6,1,1,1
591,6,0,2,1
595,3,0,1,2
595,3,1,0,4
595,3,1,2,5
595,8,1,0,2
595,8,0,1,1
595,8,1,2,4
595,12,0,1,2
595,12,1,0,2
595,12,1,2,5
595,16,0,1,4
595,16,1,2,5
595,16,1,0,5
595,20,0,1,1
595,20,1,0,2
595,20,1,2,2
595,20,0,2,1
595,20,1,0,1
595,20,1,1,3
595,16,0,2,3
595,16,1,0,3
595,16,1,1,3
595,12,0,2,3
595,12,1,0,3
595,12,1,1,1
595,8,1,0,1
595,8,1,1,1
595,8,0,2,1
595,3,1,1,1
595,3,0,2,3
595,3,1,0,3
599,4,1,1,2
599,4,1,2,5
599,4,0,0,3
599,7,0,0,4
599,7,1,1,3
599,7,1,2,5
599,11,1,1,3
599,11,0,0,4
599,11,1,2,5
599,14,1,1,2
599,14,0,0,2
599,14,1,2,5
599,18,1,1,4
599,18,0,0,3
599,18,1,2,5
599,18,1,0,3
599,18,0,1,3
599,18,1,2,3
599,14,1,0,2
599,14,0,1,2
599,14,1,2,2
599,11,1,2,3
599,11,1,0,3
599,11,0,1,3
599,7,1,2,3
599,7,1,0,3
599,7,0,1,3
599,4,1,0,3
599,4,1,2,3
599,4,0,1,3
601,3,1,1,5
601,3,0,0,4
601,3,1,2,5
601,8,0,0,2
601,8,1,1,2
601,8,1,2,4
601,12,1,1,1
601,12,1,2,3
601,12,0,0,2
601,16,1,1,5
601,16,0,0,4
601,16,1,2,5
601,18,1,1,5
601,18,0,0,4
601,18,1,2,5
601,18,1,0,3
601,18,1,1,3
601,18,0,2,3
601,16,1,0,3
601,16,1,1,3
601,16,0,2,3
601,12,1,1,1
601,12,0,2,1
601,12,1,0,1
601,8,0,2,1
601,8,1,1,1
601,8,1,0,1
601,3,1,1,3
601,3,0,2,3
601,3,1,0,3
602,3,0,0,5
602,3,1,1,5
602,3,1,2,3
602,7,1,1,1
602,7,0,0,1
602,7,1,2,3
602,10,0,0,4
602,10,1,2,5
602,10,1,1,5
602,15,1,1,3
602,15,1,2,2
602,15,0,0,3
602,20,1,2,2
602,20,1,1,3
602,20,0,0,2
602,20,0,2,2
602,20,1,1,2
602,20,1,0,2
602,15,1,1,2
602,15,0,2,2
602,15,1,0,2
602,10,1,1,2
602,10,0,2,2
602,10,1,0,2
602,7,0,2,1
602,7,1,0,1
602,7,1,1,2
602,3,0,2,3
602,3,1,0,3
602,3,1,1,2
604,6,1,2,5
604,6,1,1,2
604,6,0,0,4
604,7,0,0,4
604,7,1,1,2
604,7,1,2,3
604,13,1,1,2
604,13,1,2,3
604,13,0,0,2
604,15,1,1,3
604,15,1,2,3
604,15,0,0,4
604,18,1,1,3
604,18,1,2,5
604,18,0,0,4
604,18,0,2,3
604,18,1,0,2
604,18,1,1,1
604,15,1,1,3
604,15,0,2,3
604,15,1,0,3
604,13,1,0,1
604,13,1,1,1
604,13,0,2,1
604,7,1,0,2
604,7,0,2,3
604,7,1,1,3
604,6,0,2,3
604,6,1,0,2
604,6,1,1,2
608,4,0,1,2
608,4,1,2,5
608,4,1,0,5
608,7,1,2,5
608,7,0,1,2
608,7,1,0,3
608,10,1,0,3
608,10,1,2,2
608,10,0,1,3
608,17,1,0,5
608,17,1,2,5
608,17,0,1,4
608,19,0,1,1
608,19,1,2,5
608,19,1,0,5
608,19,1,0,2
608,19,0,2,2
608,19,1,1,1
608,17,1,0,2
608,17,0,2,2
608,17,1,1,1
608,10,1,0,2
608,10,0,2,2
608,10,1,1,1
608,7,0,2,2
608,7,1,0,2
608,7,1,1,1
608,4,0,2,2
608,4,1,0,2
608,4,1,1,1
609,6,0,1,3
609,6,1,0,5
609,6,1,2,3
609,7,1,0,5
609,7,0,1,4
609,7,1,2,5
609,12,0,1,3
609,12,1,2,5
609,12,1,0,3
609,16,0,1,1
609,16,1,0,2
609,16,1,2,2
609,19,0,1,2
609,19,1,0,3
609,19,1,2,3
609,19,0,2,1
609,19,1,0,1
609,19,1,1,1
609,16,1,0,1
609,16,1,1,1
609,16,0,2,1
609,12,0,2,3
609,12,1,1,3
609,12,1,0,3
609,7,1,0,3
609,7,1,1,3
609,7,0,2,3
609,6,1,0,3
609,6,1,1,3
609,6,0,2,3
617,4,0,1,1
617,4,1,2,3
617,4,1,0,3
617,8,0,1,1
617,8,1,2,2
617,8,1,0,2
617,12,1,0,3
617,12,0,1,4
617,12,1,2,5
617,17,1,0,3
617,17,0,1,1
617,17,1,2,4
617,20,1,0,2
617,20,0,1,2
617,20,1,2,3
617,20,1,0,2
617,20,0,2,2
617,20,1,1,3
617,17,0,2,3
617,17,1,1,1
617,17,1,0,3
617,12,1,0,3
617,12,1,1,3
617,12,0,2,3
617,8,1,0,2
617,8,1,1,2
617,8,0,2,2
617,4,0,2,3
617,4,1,1,1
617,4,1,0,3
618,2,0,1,2
618,2,1,0,2
618,2,1,2,5
618,9,0,1,2
618,9,1,0,2
618,9,1,2,4
618,13,0,1,2
618,13,1,2,3
618,13,1,0,2
618,17,0,1,3
618,17,1,2,4
618,17,1,0,2
618,19,0,1,3
618,19,1,0,2
618,19,1,2,4
618,19,1,1,1
618,19,1,2,3
618,19,0,0,2
618,17,0,0,2
618,17,1,2,2
618,17,1,1,2
618,13,1,1,1
618,13,1,2,2
618,13,0,0,2
618,9,1,2,2
618,9,0,0,1
618,9,1,1,2
618,2,0,0,2
618,2,1,1,1
618,2,1,2,3
621,1,1,2,5
621,1,0,0,5
621,1,1,1,5
621,8,1,1,4
621,8,0,0,4
621,8,1,2,5
621,13,0,0,5
621,13,1,1,3
621,13,1,2,5
621,16,0,0,4
621,16,1,1,3
621,16,1,2,5
621,19,1,1,5
621,19,0,0,3
621,19,1,2,5
621,19,0,1,1
621,19,1,2,3
621,19,1,0,3
621,16,1,2,2
621,16,1,0,3
621,16,0,1,3
621,13,1,2,3
621,13,1,0,3
621,13,0,1,2
621,8,1,2,3
621,8,1,0,3
621,8,0,1,1
621,1,1,2,3
621,1,0,1,3
621,1,1,0,3
622,4,0,0,2
622,4,1,1,3
622,4,1,2,4
622,8,1,1,1
622,8,1,2,5
622,8,0,0,2
622,11,0,0,3
622,11,1,1,2
622,11,1,2,4
622,15,0,0,1
622,15,1,1,1
622,15,1,2,2
622,18,0,0,2
622,18,1,1,2
622,18,1,2,5
622,18,0,2,2
622,18,1,1,2
622,18,1,0,2
622,15,0,2,1
622,15,1,0,1
622,15,1,1,3
622,11,0,2,1
622,11,1,1,1
622,11,1,0,2
622,8,1,0,2
622,8,0,2,1
622,8,1,1,1
622,4,1,0,1
622,4,0,2,1
622,4,1,1,2
623,1,1,0,5
623,1,1,2,4
623,1,0,1,3
623,7,1,0,3
623,7,0,1,3
623,7,1,2,3
623,11,0,1,4
623,11,1,0,5
623,11,1,2,4
623,17,0,1,3
623,17,1,0,4
623,17,1,2,3
623,18,0,1,1
623,18,1,2,2
623,18,1,0,2
623,18,0,2,2
623,18,1,1,2
623,18,1,0,3
623,17,1,0,3
623,17,0,2,2
623,17,1,1,3
623,11,0,2,3
623,11,1,0,3
623,11,1,1,3
623,7,1,0,3
623,7,0,2,2
623,7,1,1,3
623,1,1,0,3
623,1,0,2,3
623,1,1,1,3
626,6,1,1,1
626,6,1,2,4
626,6,0,0,2
626,9,1,1,1
626,9,1,2,2
626,9,0,0,2
626,13,1,1,2
626,13,0,0,2
626,13,1,2,2
626,15,1,1,1
626,15,0,0,4
626,15,1,2,2
626,20,0,0,1
626,20,1,1,1
626,20,1,2,1
626,20,1,2,1
626,20,0,1,2
626,20,1,0,1
626,15,1,2,3
626,15,1,0,1
626,15,0,1,1
626,13,1,2,1
626,13,0,1,1
626,13,1,0,1
626,9,1,2,1
626,9,1,0,1
626,9,0,1,1
626,6,1,0,1
626,6,0,1,1
626,6,1,2,3
628,5,0,0,3
628,5,1,1,4
628,5,1,2,5
628,9,0,0,5
628,9,1,1,4
628,9,1,2,5
628,11,1,1,5
628,11,0,0,5
628,11,1,2,5
628,17,1,1,4
628,17,0,0,5
628,17,1,2,5
628,20,1,1,3
628,20,1,2,2
628,20,0,0,2
628,20,1,0,2
628,20,0,2,2
628,20,1,1,1
628,17,0,2,3
628,17,1,1,2
628,17,1,0,3
628,11,1,0,2
628,11,1,1,3
628,11,0,2,3
628,9,0,2,3
628,9,1,1,3
628,9,1,0,3
628,5,0,2,3
628,5,1,1,2
628,5,1,0,2
629,1,1,1,1
629,1,1,2,5
629,1,0,0,2
629,9,1,1,4
629,9,0,0,5
629,9,1,2,5
629,11,1,1,2
629,11,1,2,5
629,11,0,0,4
629,14,1,1,4
629,14,1,2,4
629,14,0,0,4
629,20,1,2,2
629,20,1,1,3
629,20,0,0,3
629,20,0,2,1
629,20,1,1,3
629,20,1,0,1
629,14,0,2,2
629,14,1,0,3
629,14,1,1,3
629,11,0,2,3
629,11,1,0,3
629,11,1,1,1
629,9,0,2,3
629,9,1,0,3
629,9,1,1,3
629,1,1,0,2
629,1,1,1,1
629,1,0,2,3
633,3,0,0,3
633,3,1,1,3
633,3,1,2,5
633,7,0,0,2
633,7,1,2,3
633,7,1,1,2
633,10,1,1,3
633,10,0,0,4
633,10,1,2,5
633,15,1,1,3
633,15,0,0,2
633,15,1,2,2
633,20,1,1,1
633,20,0,0,1
633,20,1,2,1
633,20,0,2,1
633,20,1,1,1
633,20,1,0,1
633,15,0,2,2
633,15,1,0,2
633,15,1,1,3
633,10,0,2,3
633,10,1,1,3
633,10,1,0,3
633,7,0,2,2
633,7,1,1,1
633,7,1,0,1
633,3,1,0,2
633,3,1,1,1
633,3,0,2,3
635,2,0,0,3
635,2,1,1,3
635,2,1,2,5
635,9,0,0,2
635,9,1,1,3
635,9,1,2,3
635,11,1,1,3
635,11,1,2,5
635,11,0,0,2
635,17,0,0,2
635,17,1,2,3
635,17,1,1,2
635,18,0,0,3
635,18,1,1,3
635,18,1,2,5
635,18,0,2,3
635,18,1,0,2
635,18,1,1,2
635,17,0,2,3
635,17,1,0,3
635,17,1,1,1
635,11,0,2,3
635,11,1,1,1
635,11,1,0,3
635,9,0,2,2
635,9,1,1,1
635,9,1,0,1
635,2,0,2,3
635,2,1,1,1
635,2,1,0,2
637,4,0,0,4
637,4,1,1,3
637,4,1,2,5
637,7,1,1,2
637,7,0,0,2
637,7,1,2,5
637,12,1,1,3
637,12,1,2,5
637,12,0,0,4
637,15,1,1,2
637,15,0,0,3
637,15,1,2,5
637,18,0,0,5
637,18,1,1,3
637,18,1,2,5
637,18,0,2,1
637,18,1,1,3
637,18,1,0,2
637,15,1,0,2
637,15,0,2,1
637,15,1,1,1
637,12,0,2,2
637,12,1,1,2
637,12,1,0,2
637,7,1,0,1
637,7,1,1,3
637,7,0,2,2
637,4,1,0,2
637,4,0,2,1
637,4,1,1,2
639,1,1,1,1
639,1,1,2,5
639,1,0,0,4
639,8,1,1,3
639,8,1,2,5
639,8,0,0,4
639,13,1,1,2
639,13,1,2,4
639,13,0,0,4
639,15,1,1,3
639,15,1,2,5
639,15,0,0,4
639,19,1,1,3
639,19,1,2,5
639,19,0,0,5
639,19,0,2,3
639,19,1,0,3
639,19,1,1,3
639,15,0,2,2
639,15,1,0,3
639,15,1,1,2
639,13,0,2,1
639,13,1,0,2
639,13,1,1,3
639,8,1,1,3
639,8,1,0,3
639,8,0,2,3
639,1,0,2,2
639,1,1,0,3
639,1,1,1,1
642,3,1,1,1
642,3,0,0,1
642,3,1,2,2
642,7,1,1,3
642,7,0,0,2
642,7,1,2,3
642,12,1,2,3
642,12,0,0,3
642,12,1,1,3
642,17,1,1,2
642,17,1,2,2
642,17,0,0,2
642,18,1,1,2
642,18,0,0,1
642,18,1,2,3
642,18,1,2,1
642,18,0,1,1
642,18,1,0,1
642,17,1,2,1
642,17,0,1,1
642,17,1,0,1
642,12,1,0,2
642,12,0,1,2
642,12,1,2,2
642,7,1,2,1
642,7,1,0,1
642,7,0,1,1
642,3,1,2,1
642,3,1,0,1
642,3,0,1,1
643,5,0,0,1
643,5,1,1,1
643,5,1,2,5
643,8,1,2,5
643,8,1,1,2
643,8,0,0,2
643,12,1,2,4
643,12,0,0,3
643,12,1,1,3
643,14,0,0,5
643,14,1,2,5
643,14,1,1,3
643,19,0,0,2
643,19,1,1,2
643,19,1,2,5
643,19,0,2,1
643,19,1,0,3
643,19,1,1,1
643,14,0,2,3
643,14,1,0,3
643,14,1,1,3
643,12,1,0,3
643,12,1,1,2
643,12,0,2,2
643,8,1,1,1
643,8,0,2,1
643,8,1,0,3
643,5,1,0,3
643,5,0,2,1
643,5,1,1,1
644,3,1,1,1
644,3,0,0,2
644,3,1,2,5
644,9,0,0,4
644,9,1,1,3
644,9,1,2,5
644,12,1,1,3
644,12,1,2,5
644,12,0,0,4
644,15,1,1,4
644,15,1,2,5
644,15,0,0,4
644,19,1,1,5
644,19,1,2,5
644,19,0,0,5
644,19,0,2,3
644,19,1,0,3
644,19,1,1,3
644,15,0,2,3
644,15,1,0,3
644,15,1,1,3
644,12,0,2,3
644,12,1,0,3
644,12,1,1,3
644,9,0,2,3
644,9,1,0,2
644,9,1,1,2
644,3,0,2,3
644,3,1,0,2
644,3,1,1,1
648,2,0,0,2
648,2,1,1,1
648,2,1,2,4
648,9,1,1,2
648,9,0,0,2
648,9,1,2,4
648,10,1,2,5
648,10,1,1,3
648,10,0,0,4
648,14,1,1,2
648,14,0,0,3
648,14,1,2,3
648,18,0,0,1
648,18,1,1,1
648,18,1,2,4
648,18,1,0,2
648,18,1,2,3
648,18,0,1,1
648,14,0,1,3
648,14,1,2,3
648,14,1,0,3
648,10,0,1,2
648,10,1,2,3
648,10,1,0,1
648,9,1,2,2
648,9,0,1,1
648,9,1,0,1
648,2,1,2,3
648,2,0,1,3
648,2,1,0,3
651,3,0,1,2
651,3,1,0,4
651,3,1,2,5
651,9,0,1,3
651,9,1,0,3
651,9,1,2,4
651,11,0,1,3
651,11,1,0,4
651,11,1,2,5
651,16,0,1,2
651,16,1,0,4
651,16,1,2,5
651,18,0,1,2
651,18,1,2,5
651,18,1,0,3
651,18,1,0,2
651,18,0,2,3
651,18,1,1,2
651,16,0,2,3
651,16,1,1,2
651,16,1,0,2
651,11,0,2,3
651,11,1,1,1
651,11,1,0,2
651,9,1,1,1
651,9,1,0,2
651,9,0,2,3
651,3,0,2,3
651,3,1,0,2
651,3,1,1,1
652,2,0,0,3
652,2,1,1,4
652,2,1,2,3
652,8,0,0,4
652,8,1,1,5
652,8,1,2,3
652,11,1,1,4
652,11,0,0,3
652,11,1,2,4
652,16,1,1,4
652,16,0,0,3
652,16,1,2,3
652,18,1,1,5
652,18,1,2,3
652,18,0,0,3
652,18,1,0,1
652,18,0,1,3
652,18,1,2,2
652,16,1,0,3
652,16,0,1,3
652,16,1,2,1
652,11,1,2,2
652,11,1,0,1
652,11,0,1,2
652,8,1,2,3
652,8,1,0,2
652,8,0,1,3
652,2,1,0,2
652,2,0,1,1
652,2,1,2,1
655,1,0,0,3
655,1,1,1,3
655,1,1,2,2
655,7,1,1,3
655,7,0,0,3
655,7,1,2,2
655,11,1,1,3
655,11,1,2,3
655,11,0,0,2
655,14,1,1,2
655,14,1,2,3
655,14,0,0,2
655,20,1,1,3
655,20,0,0,3
655,20,1,2,3
655,20,1,0,2
655,20,1,2,2
655,20,0,1,2
655,14,1,2,2
655,14,1,0,2
655,14,0,1,1
655,11,1,0,2
655,11,0,1,1
655,11,1,2,2
655,7,1,2,2
655,7,1,0,2
655,7,0,1,2
655,1,1,2,2
655,1,1,0,2
655,1,0,1,2
656,5,0,1,2
656,5,1,2,4
656,5,1,0,1
656,8,0,1,1
656,8,1,2,2
656,8,1,0,1
656,13,1,0,1
656,13,0,1,1
656,13,1,2,2
656,16,1,0,2
656,16,0,1,5
656,16,1,2,5
656,20,1,0,1
656,20,0,1,1
656,20,1,2,1
656,20,1,2,1
656,20,0,0,1
656,20,1,1,1
656,16,1,2,3
656,16,0,0,2
656,16,1,1,1
656,13,1,1,1
656,13,1,2,1
656,13,0,0,1
656,8,1,1,1
656,8,1,2,1
656,8,0,0,1
656,5,1,2,3
656,5,1,1,1
656,5,0,0,3
657,1,1,0,4
657,1,0,1,5
657,1,1,2,5
657,9,0,1,2
657,9,1,0,3
657,9,1,2,5
657,10,0,1,5
657,10,1,0,5
657,10,1,2,5
657,15,0,1,4
657,15,1,0,2
657,15,1,2,5
657,19,0,1,2
657,19,1,0,2
657,19,1,2,5
657,19,1,0,1
657,19,1,1,1
657,19,0,2,3
657,15,1,0,1
657,15,1,1,1
657,15,0,2,1
657,10,1,1,3
657,10,0,2,3
657,10,1,0,3
657,9,0,2,3
657,9,1,1,3
657,9,1,0,3
657,1,1,1,3
657,1,0,2,3
657,1,1,0,3
660,4,1,1,5
660,4,0,0,2
660,4,1,2,4
660,9,1,1,1
660,9,1,2,5
660,9,0,0,1
660,10,1,2,5
660,10,1,1,5
660,10,0,0,2
660,16,1,2,4
660,16,1,1,5
660,16,0,0,4
660,20,1,2,5
660,20,1,1,1
660,20,0,0,1
660,20,0,1,1
660,20,1,2,3
660,20,1,0,1
660,16,1,0,3
660,16,0,1,3
660,16,1,2,3
660,10,1,2,3
660,10,0,1,2
660,10,1,0,2
660,9,1,2,3
660,9,1,0,2
660,9,0,1,1
660,4,1,0,3
660,4,1,2,3
660,4,0,1,2
661,1,1,2,4
661,1,1,1,1
661,1,0,0,2
661,7,1,1,4
661,7,0,0,5
661,7,1,2,5
661,12,1,1,3
661,12,1,2,3
661,12,0,0,3
661,17,0,0,3
661,17,1,2,4
661,17,1,1,2
661,20,0,0,4
661,20,1,1,3
661,20,1,2,4
661,20,1,1,3
661,20,0,2,3
661,20,1,0,1
661,17,1,0,3
661,17,0,2,2
661,17,1,1,2
661,12,0,2,2
661,12,1,0,1
661,12,1,1,3
661,7,1,0,3
661,7,0,2,3
661,7,1,1,3
661,1,0,2,1
661,1,1,0,2
661,1,1,1,1
663,5,0,1,2
663,5,1,2,4
663,5,1,0,2
663,9,1,0,2
663,9,0,1,2
663,9,1,2,4
663,11,0,1,1
663,11,1,2,4
663,11,1,0,2
663,16,0,1,2
663,16,1,2,4
663,16,1,0,2
663,18,0,1,2
663,18,1,2,2
663,18,1,0,2
663,18,1,2,1
663,18,0,0,1
663,18,1,1,3
663,16,0,0,1
663,16,1,1,1
663,16,1,2,1
663,11,0,0,1
663,11,1,1,1
663,11,1,2,1
663,9,1,2,2
663,9,1,1,1
663,9,0,0,1
663,5,0,0,1
663,5,1,2,3
663,5,1,1,1
665,4,1,0,4
665,4,0,1,4
665,4,1,2,5
665,7,1,0,4
665,7,0,1,5
665,7,1,2,5
665,12,0,1,3
665,12,1,0,3
665,12,1,2,3
665,16,0,1,3
665,16,1,0,3
665,16,1,2,3
665,19,0,1,4
665,19,1,0,4
665,19,1,2,5
665,19,0,0,2
665,19,1,1,3
665,19,1,2,3
665,16,1,2,3
665,16,0,0,2
665,16,1,1,1
665,12,1,2,3
665,12,0,0,3
665,12,1,1,2
665,7,1,2,3
665,7,0,0,3
665,7,1,1,3
665,4,1,1,2
665,4,1,2,3
665,4,0,0,3
666,1,0,0,4
666,1,1,1,3
666,1,1,2,5
666,7,1,1,2
666,7,0,0,2
666,7,1,2,4
666,12,1,1,1
666,12,1,2,4
666,12,0,0,1
666,17,1,2,5
666,17,1,1,1
666,17,0,0,2
666,19,1,1,4
666,19,0,0,4
666,19,1,2,5
666,19,1,0,3
666,19,1,1,3
666,19,0,2,3
666,17,0,2,3
666,17,1,0,3
666,17,1,1,1
666,12,1,0,1
666,12,0,2,3
666,12,1,1,1
666,7,0,2,3
666,7,1,0,1
666,7,1,1,2
666,1,0,2,3
666,1,1,1,3
666,1,1,0,3
667,6,0,0,1
667,6,1,1,2
667,6,1,2,2
667,7,0,0,4
667,7,1,1,4
667,7,1,2,5
667,10,1,1,2
667,10,1,2,5
667,10,0,0,2
667,17,0,0,2
667,17,1,2,4
667,17,1,1,2
667,19,0,0,1
667,19,1,1,1
667,19,1,2,3
667,19,0,2,1
667,19,1,1,1
667,19,1,0,1
667,17,1,0,2
667,17,0,2,1
667,17,1,1,2
667,10,1,0,2
667,10,0,2,2
667,10,1,1,1
667,7,1,0,3
667,7,0,2,3
667,7,1,1,3
667,6,1,1,1
667,6,1,0,1
667,6,0,2,1
670,5,0,0,4
670,5,1,2,5
670,5,1,1,5
670,9,0,0,4
670,9,1,2,5
670,9,1,1,4
670,10,0,0,2
670,10,1,1,1
670,10,1,2,5
670,15,1,1,5
670,15,0,0,2
670,15,1,2,4
670,20,1,1,1
670,20,0,0,2
670,20,1,2,2
670,20,0,1,3
670,20,1,2,3
670,20,1,0,3
670,15,1,2,3
670,15,0,1,3
670,15,1,0,1
670,10,1,2,3
670,10,0,1,3
670,10,1,0,2
670,9,1,2,3
670,9,0,1,3
670,9,1,0,3
670,5,1,0,2
670,5,0,1,3
670,5,1,2,3
678,6,0,0,5
678,6,1,2,5
678,6,1,1,5
678,7,0,0,5
678,7,1,1,5
678,7,1,2,5
678,10,0,0,3
678,10,1,1,2
678,10,1,2,5
678,15,1,1,1
678,15,0,0,2
678,15,1,2,4
678,18,1,1,1
678,18,0,0,2
678,18,1,2,4
678,18,1,0,1
678,18,1,2,3
678,18,0,1,1
678,15,1,2,3
678,15,0,1,1
678,15,1,0,3
678,10,1,2,3
678,10,0,1,2
678,10,1,0,2
678,7,1,0,3
678,7,0,1,3
678,7,1,2,3
678,6,1,2,3
678,6,1,0,3
678,6,0,1,3
680,5,0,1,2
680,5,1,2,4
680,5,1,0,3
680,8,0,1,1
680,8,1,2,2
680,8,1,0,1
680,12,0,1,2
680,12,1,2,2
680,12,1,0,2
680,15,1,0,4
680,15,0,1,5
680,15,1,2,5
680,19,1,0,2
680,19,0,1,2
680,19,1,2,2
680,19,0,2,2
680,19,1,0,1
680,19,1,1,1
680,15,1,0,3
680,15,1,1,3
680,15,0,2,3
680,12,1,0,2
680,12,0,2,3
680,12,1,1,2
680,8,1,1,1
680,8,0,2,1
680,8,1,0,1
680,5,0,2,2
680,5,1,0,1
680,5,1,1,1
683,5,1,0,3
683,5,0,1,2
683,5,1,2,5
683,9,1,0,3
683,9,0,1,3
683,9,1,2,4
683,12,0,1,1
683,12,1,2,4
683,12,1,0,2
683,14,1,0,1
683,14,0,1,1
683,14,1,2,2
683,20,1,0,2
683,20,0,1,3
683,20,1,2,2
683,20,1,1,2
683,20,0,2,1
683,20,1,0,1
683,14,0,2,2
683,14,1,0,1
683,14,1,1,1
683,12,1,0,2
683,12,0,2,2
683,12,1,1,1
683,9,0,2,3
683,9,1,1,2
683,9,1,0,2
683,5,1,1,1
683,5,0,2,2
683,5,1,0,2
685,4,1,0,1
685,4,0,1,1
685,4,1,2,2
685,7,1,2,5
685,7,1,0,3
685,7,0,1,2
685,11,0,1,3
685,11,1,0,4
685,11,1,2,4
685,16,0,1,4
685,16,1,0,4
685,16,1,2,4
685,18,0,1,1
685,18,1,0,1
685,18,1,2,2
685,18,1,1,1
685,18,1,2,1
685,18,0,0,1
685,16,1,2,2
685,16,0,0,1
685,16,1,1,2
685,11,1,2,3
685,11,0,0,3
685,11,1,1,1
685,7,1,2,3
685,7,0,0,1
685,7,1,1,1
685,4,1,1,1
685,4,1,2,1
685,4,0,0,1
688,2,1,1,5
688,2,0,0,5
688,2,1,2,5
688,7,0,0,5
688,7,1,1,2
688,7,1,2,4
688,12,1,2,5
688,12,0,0,3
688,12,1,1,2
688,16,1,1,1
688,16,0,0,3
688,16,1,2,5
688,18,1,1,2
688,18,0,0,4
688,18,1,2,4
688,18,0,2,3
688,18,1,0,3
688,18,1,1,1
688,16,0,2,3
688,16,1,1,1
688,16,1,0,3
688,12,1,0,2
688,12,0,2,2
688,12,1,1,1
688,7,1,0,2
688,7,0,2,1
688,7,1,1,3
688,2,0,2,3
688,2,1,0,3
688,2,1,1,3
690,1,1,1,2
690,1,1,2,5
690,1,0,0,2
690,8,0,0,2
690,8,1,1,2
690,8,1,2,5
690,11,1,1,3
690,11,1,2,5
690,11,0,0,3
690,14,0,0,3
690,14,1,2,5
690,14,1,1,3
690,20,0,0,2
690,20,1,2,4
690,20,1,1,2
690,20,0,2,2
690,20,1,0,1
690,20,1,1,1
690,14,0,2,3
690,14,1,1,2
690,14,1,0,2
690,11,0,2,3
690,11,1,1,2
690,11,1,0,3
690,8,1,1,1
690,8,0,2,2
690,8,1,0,1
690,1,0,2,3
690,1,1,0,1
690,1,1,1,1
692,3,0,0,4
692,3,1,2,5
692,3,1,1,4
692,7,0,0,2
692,7,1,1,1
692,7,1,2,2
692,12,1,1,3
692,12,0,0,4
692,12,1,2,4
692,17,1,1,2
692,17,0,0,4
692,17,1,2,4
692,18,1,1,2
692,18,0,0,4
692,18,1,2,5
692,18,0,2,3
692,18,1,0,3
692,18,1,1,3
692,17,0,2,3
692,17,1,0,3
692,17,1,1,1
692,12,1,0,3
692,12,0,2,3
692,12,1,1,3
692,7,0,2,2
692,7,1,0,1
692,7,1,1,1
692,3,1,0,3
692,3,1,1,3
692,3,0,2,3
693,1,1,1,1
693,1,1,2,5
693,1,0,0,1
693,7,0,0,4
693,7,1,1,1
693,7,1,2,5
693,13,1,1,1
693,13,1,2,5
693,13,0,0,1
693,15,1,1,1
693,15,1,2,5
693,15,0,0,2
693,19,1,1,1
693,19,1,2,4
693,19,0,0,1
693,19,0,1,1
693,19,1,2,1
693,19,1,0,1
693,15,1,2,3
693,15,0,1,1
693,15,1,0,2
693,13,1,2,3
693,13,1,0,1
693,13,0,1,1
693,7,1,0,2
693,7,1,2,3
693,7,0,1,1
693,1,1,2,3
693,1,1,0,1
693,1,0,1,1
699,2,1,1,2
699,2,1,2,5
699,2,0,0,4
699,9,1,1,2
699,9,1,2,5
699,9,0,0,4
699,13,0,0,3
699,13,1,1,3
699,13,1,2,5
699,14,1,1,1
699,14,1,2,5
699,14,0,0,2
699,18,1,1,2
699,18,1,2,5
699,18,0,0,3
699,18,0,1,1
699,18,1,2,3
699,18,1,0,2
699,14,1,2,3
699,14,1,0,2
699,14,0,1,1
699,13,1,2,3
699,13,0,1,1
699,13,1,0,2
699,9,1,2,3
699,9,0,1,1
699,9,1,0,2
699,2,1,0,2
699,2,0,1,2
699,2,1,2,3
702,2,1,1,2
702,2,1,2,5
702,2,0,0,2
702,8,1,1,2
702,8,1,2,5
702,8,0,0,2
702,10,1,2,5
702,10,0,0,4
702,10,1,1,4
702,17,1,1,2
702,17,1,2,5
702,17,0,0,2
702,18,1,1,3
702,18,0,0,3
702,18,1,2,5
702,18,1,2,3
702,18,1,0,2
702,18,0,1,2
702,17,0,1,1
702,17,1,2,3
702,17,1,0,2
702,10,1,0,3
702,10,0,1,3
702,10,1,2,3
702,8,0,1,1
702,8,1,0,2
702,8,1,2,3
702,2,1,2,3
702,2,1,0,3
702,2,0,1,1
704,3,1,1,2
704,3,1,2,4
704,3,0,0,4
704,8,1,1,1
704,8,0,0,1
704,8,1,2,3
704,13,1,2,3
704,13,1,1,2
704,13,0,0,3
704,15,1,1,2
704,15,0,0,1
704,15,1,2,5
704,19,1,1,1
704,19,0,0,4
704,19,1,2,4
704,19,0,2,3
704,19,1,0,3
704,19,1,1,1
704,15,0,2,2
704,15,1,1,1
704,15,1,0,1
704,13,1,0,3
704,13,0,2,3
704,13,1,1,3
704,8,1,1,1
704,8,1,0,1
704,8,0,2,1
704,3,0,2,3
704,3,1,0,3
704,3,1,1,1
705,2,1,1,1
705,2,1,2,2
705,2,0,0,2
705,8,1,1,3
705,8,1,2,2
705,8,0,0,2
705,10,1,1,2
705,10,1,2,4
705,10,0,0,3
705,15,0,0,2
705,15,1,2,2
705,15,1,1,2
705,19,1,1,2
705,19,0,0,2
705,19,1,2,3
705,19,1,0,2
705,19,0,2,1
705,19,1,1,1
705,15,1,0,2
705,15,1,1,1
705,15,0,2,1
705,10,1,0,2
705,10,1,1,2
705,10,0,2,2
705,8,0,2,1
705,8,1,0,2
705,8,1,1,1
705,2,0,2,1
705,2,1,1,1
705,2,1,0,1
707,6,1,1,2
707,6,1,2,3
707,6,0,0,2
707,9,1,2,2
707,9,0,0,2
707,9,1,1,1
707,10,1,1,2
707,10,1,2,3
707,10,0,0,2
707,16,1,1,3
707,16,0,0,2
707,16,1,2,3
707,20,1,1,2
707,20,0,0,3
707,20,1,2,3
707,20,0,2,1
707,20,1,0,1
707,20,1,1,1
707,16,1,0,2
707,16,1,1,2
707,16,0,2,2
707,10,1,0,1
707,10,1,1,1
707,10,0,2,1
707,9,1,1,1
707,9,1,0,2
707,9,0,2,1
707,6,1,0,1
707,6,1,1,1
707,6,0,2,1
709,4,1,2,3
709,4,0,0,2
709,4,1,1,1
709,7,1,1,1
709,7,1,2,3
709,7,0,0,1
709,11,1,1,1
709,11,1,2,4
709,11,0,0,1
709,17,1,1,1
709,17,1,2,4
709,17,0,0,1
709,18,1,1,1
709,18,1,2,3
709,18,0,0,1
709,18,0,2,3
709,18,1,0,1
709,18,1,1,1
709,17,1,1,1
709,17,0,2,3
709,17,1,0,2
709,11,1,0,1
709,11,1,1,1
709,11,0,2,3
709,7,1,0,1
709,7,0,2,3
709,7,1,1,1
709,4,1,1,1
709,4,0,2,3
709,4,1,0,2
714,6,0,0,2
714,6,1,2,5
714,6,1,1,3
714,9,1,1,5
714,9,0,0,5
714,9,1,2,5
714,10,1,1,3
714,10,1,2,5
714,10,0,0,3
714,17,1,1,3
714,17,0,0,3
714,17,1,2,5
714,18,0,0,1
714,18,1,1,5
714,18,1,2,5
714,18,1,1,1
714,18,0,2,3
714,18,1,0,1
714,17,1,1,2
714,17,0,2,3
714,17,1,0,3
714,10,0,2,3
714,10,1,0,3
714,10,1,1,3
714,9,0,2,3
714,9,1,0,3
714,9,1,1,3
714,6,1,1,1
714,6,0,2,3
714,6,1,0,1
715,2,1,1,1
715,2,1,2,5
715,2,0,0,2
715,9,1,2,5
715,9,1,1,4
715,9,0,0,4
715,12,0,0,2
715,12,1,1,1
715,12,1,2,3
715,14,1,1,4
715,14,1,2,5
715,14,0,0,4
715,20,1,2,4
715,20,0,0,2
715,20,1,1,3
715,20,0,2,2
715,20,1,0,1
715,20,1,1,2
715,14,1,1,2
715,14,0,2,3
715,14,1,0,2
715,12,0,2,2
715,12,1,1,1
715,12,1,0,1
715,9,1,0,1
715,9,0,2,3
715,9,1,1,1
715,2,1,1,1
715,2,0,2,3
715,2,1,0,2
716,3,0,0,2
716,3,1,1,2
716,3,1,2,5
716,9,0,0,2
716,9,1,1,2
716,9,1,2,5
716,11,1,1,2
716,11,1,2,5
716,11,0,0,2
716,16,1,1,2
716,16,1,2,5
716,16,0,0,2
716,20,1,1,2
716,20,1,2,5
716,20,0,0,2
716,20,0,1,2
716,20,1,2,3
716,20,1,0,2
716,16,1,0,2
716,16,0,1,1
716,16,1,2,3
716,11,0,1,1
716,11,1,0,2
716,11,1,2,3
716,9,1,0,2
716,9,1,2,3
716,9,0,1,1
716,3,1,2,3
716,3,0,1,1
716,3,1,0,2
717,2,1,2,5
717,2,0,0,5
717,2,1,1,3
717,9,1,1,3
717,9,1,2,3
717,9,0,0,3
717,11,1,1,1
717,11,0,0,2
717,11,1,2,5
717,14,0,0,2
717,14,1,1,1
717,14,1,2,4
717,18,1,2,3
717,18,0,0,3
717,18,1,1,3
717,18,0,2,2
717,18,1,0,3
717,18,1,1,2
717,14,0,2,1
717,14,1,0,1
717,14,1,1,1
717,11,1,0,1
717,11,1,1,1
717,11,0,2,1
717,9,1,1,3
717,9,1,0,3
717,9,0,2,3
717,2,0,2,3
717,2,1,1,3
717,2,1,0,3
720,2,1,1,2
720,2,1,2,4
720,2,0,0,3
720,7,0,0,3
720,7,1,2,4
720,7,1,1,2
720,11,1,1,3
720,11,1,2,5
720,11,0,0,4
720,17,1,1,2
720,17,1,2,4
720,17,0,0,3
720,20,1,1,2
720,20,1,2,3
720,20,0,0,2
720,20,1,0,1
720,20,1,1,1
720,20,0,2,1
720,17,0,2,2
720,17,1,0,2
720,17,1,1,1
720,11,0,2,3
720,11,1,1,2
720,11,1,0,3
720,7,1,0,2
720,7,0,2,3
720,7,1,1,1
720,2,1,0,3
720,2,0,2,3
720,2,1,1,1
721,5,0,0,5
721,5,1,1,5
721,5,1,2,5
721,9,0,0,5
721,9,1,1,5
721,9,1,2,5
721,11,1,1,5
721,11,0,0,5
721,11,1,2,5
721,14,1,1,5
721,14,0,0,2
721,14,1,2,5
721,19,0,0,5
721,19,1,1,5
721,19,1,2,5
721,19,1,0,3
721,19,0,2,3
721,19,1,1,3
721,14,1,0,3
721,14,1,1,3
721,14,0,2,3
721,11,1,0,3
721,11,1,1,3
721,11,0,2,3
721,9,0,2,3
721,9,1,0,3
721,9,1,1,3
721,5,0,2,3
721,5,1,0,3
721,5,1,1,3
725,6,0,0,2
725,6,1,1,2
725,6,1,2,4
725,8,0,0,2
725,8,1,1,4
725,8,1,2,2
725,13,1,1,4
725,13,1,2,2
725,13,0,0,2
725,15,1,1,5
725,15,1,2,2
725,15,0,0,4
725,18,1,1,3
725,18,1,2,4
725,18,0,0,2
725,18,1,1,1
725,18,0,2,3
725,18,1,0,2
725,15,0,2,3
725,15,1,0,3
725,15,1,1,3
725,13,1,0,1
725,13,1,1,3
725,13,0,2,2
725,8,0,2,2
725,8,1,0,1
725,8,1,1,3
725,6,1,0,2
725,6,0,2,2
725,6,1,1,1
729,1,0,0,4
729,1,1,1,2
729,1,1,2,4
729,8,0,0,4
729,8,1,1,2
729,8,1,2,4
729,10,0,0,2
729,10,1,1,2
729,10,1,2,1
729,16,0,0,2
729,16,1,1,2
729,16,1,2,5
729,19,0,0,4
729,19,1,1,2
729,19,1,2,4
729,19,1,2,3
729,19,0,1,3
729,19,1,0,3
729,16,1,2,3
729,16,1,0,2
729,16,0,1,3
729,10,0,1,1
729,10,1,0,1
729,10,1,2,3
729,8,1,0,1
729,8,0,1,3
729,8,1,2,3
729,1,0,1,3
729,1,1,2,3
729,1,1,0,3
730,1,0,0,5
730,1,1,1,2
730,1,1,2,5
730,9,1,2,3
730,9,1,1,2
730,9,0,0,4
730,12,0,0,5
730,12,1,1,1
730,12,1,2,5
730,16,0,0,5
730,16,1,1,4
730,16,1,2,5
730,18,1,2,4
730,18,1,1,4
730,18,0,0,4
730,18,1,0,1
730,18,1,2,2
730,18,0,1,3
730,16,1,2,3
730,16,1,0,2
730,16,0,1,3
730,12,1,0,3
730,12,1,2,1
730,12,0,1,1
730,9,1,0,1
730,9,1,2,3
730,9,0,1,3
730,1,1,2,1
730,1,1,0,3
730,1,0,1,1
736,5,0,0,4
736,5,1,1,2
736,5,1,2,5
736,9,0,0,2
736,9,1,1,3
736,9,1,2,4
736,11,1,1,2
736,11,1,2,5
736,11,0,0,4
736,15,1,1,3
736,15,0,0,2
736,15,1,2,3
736,20,0,0,2
736,20,1,1,4
736,20,1,2,3
736,20,0,2,3
736,20,1,1,1
736,20,1,0,1
736,15,0,2,3
736,15,1,0,1
736,15,1,1,3
736,11,1,1,2
736,11,1,0,2
736,11,0,2,3
736,9,1,1,1
736,9,0,2,3
736,9,1,0,1
736,5,1,0,2
736,5,0,2,3
736,5,1,1,2
738,6,1,1,2
738,6,1,2,4
738,6,0,0,2
738,7,1,1,2
738,7,1,2,4
738,7,0,0,2
738,10,1,1,3
738,10,1,2,5
738,10,0,0,4
738,15,1,1,3
738,15,1,2,4
738,15,0,0,2
738,18,1,1,2
738,18,1,2,4
738,18,0,0,2
738,18,1,0,1
738,18,0,2,3
738,18,1,1,1
738,15,0,2,3
738,15,1,1,1
738,15,1,0,2
738,10,1,0,3
738,10,1,1,3
738,10,0,2,3
738,7,1,0,2
738,7,0,2,3
738,7,1,1,1
738,6,1,0,1
738,6,0,2,3
738,6,1,1,3
740,3,0,1,4
740,3,1,0,5
740,3,1,2,5
740,9,1,0,3
740,9,0,1,2
740,9,1,2,2
740,11,0,1,5
740,11,1,2,5
740,11,1,0,4
740,14,0,1,1
740,14,1,2,5
740,14,1,0,2
740,19,0,1,3
740,19,1,2,5
740,19,1,0,5
740,19,1,0,3
740,19,0,2,3
740,19,1,1,3
740,14,1,0,3
740,14,1,1,1
740,14,0,2,1
740,11,1,0,3
740,11,0,2,3
740,11,1,1,1
740,9,0,2,1
740,9,1,0,2
740,9,1,1,2
740,3,0,2,3
740,3,1,0,3
740,3,1,1,1
742,5,0,1,2
742,5,1,2,4
742,5,1,0,3
742,9,0,1,3
742,9,1,2,4
742,9,1,0,4
742,11,0,1,4
742,11,1,2,4
742,11,1,0,4
742,15,0,1,4
742,15,1,2,2
742,15,1,0,4
742,18,0,1,4
742,18,1,2,4
742,18,1,0,3
742,18,1,1,3
742,18,1,2,3
742,18,0,0,3
742,15,0,0,2
742,15,1,2,2
742,15,1,1,2
742,11,1,2,3
742,11,1,1,3
742,11,0,0,3
742,9,1,1,3
742,9,1,2,3
742,9,0,0,3
742,5,1,2,3
742,5,0,0,3
742,5,1,1,1
